state,longitude,latitude,rainfall_mean_mm,rainfall_max_mm,rainfall_min_mm
Assam,92.75000406429172,25.649999041110277,0.29999998211860657,0.800000011920929,0.0
Assam,93.05000406876206,26.34999905154109,7.97777795791626,18.100000381469727,2.299999952316284
Assam,92.0500040538609,26.64999905601144,2.48888897895813,4.5,0.6000000238418579
Assam,93.2500040717423,26.749999057501554,1.4888888597488403,3.299999952316284,0.5
Assam,95.65000410750508,27.749999072402716,0.3888888955116272,1.2000000476837158,0.0
Assam,92.55000406131148,25.04999903216958,7.777777671813965,16.399999618530273,2.700000047683716
Assam,92.95000406727195,24.449999023228884,40.42222213745117,65.80000305175781,19.799999237060547
Assam,94.05000408366323,27.14999906346202,6.05555534362793,7.5,4.599999904632568
Assam,94.15000408515334,27.249999064952135,9.233333587646484,23.100000381469727,4.5
Assam,94.75000409409404,27.449999067932367,4.6888885498046875,9.600000381469727,2.4000000953674316
Assam,91.15000404044986,26.749999057501554,0.0555555559694767,0.20000000298023224,0.0
Assam,95.7500041089952,27.549999069422483,1.5666667222976685,5.099999904632568,0.0
Assam,90.85000403597951,26.34999905154109,1.1666666269302368,7.400000095367432,0.0
Assam,94.25000408664346,27.049999061971903,10.11111068725586,14.0,6.5
Assam,90.55000403150916,26.449999053031206,0.8444445133209229,2.9000000953674316,0.0
Assam,92.15000405535102,26.449999053031206,6.1777777671813965,9.800000190734863,3.700000047683716
Assam,93.15000407025218,26.04999904707074,5.5333333015441895,9.800000190734863,2.5
Assam,92.75000406429172,24.849999029189348,18.69999885559082,24.399999618530273,16.100000381469727
Assam,91.25000404193997,25.949999045580626,3.9777772426605225,9.899999618530273,0.8999999761581421
Assam,92.25000405684114,26.64999905601144,7.422221660614014,14.699999809265137,2.4000000953674316
Assam,93.05000406876206,25.749999042600393,1.6222223043441772,5.800000190734863,0.10000000149011612
Assam,92.6500040628016,24.549999024719,25.444442749023438,33.29999923706055,20.200000762939453
Assam,95.35000410303473,27.34999906644225,0.8666666746139526,2.700000047683716,0.10000000149011612
Assam,91.15000404044986,26.249999050050974,1.644444465637207,5.699999809265137,0.10000000149011612
Assam,93.2500040717423,25.449999038130045,0.18888889253139496,0.699999988079071,0.0
Assam,90.7500040344894,26.64999905601144,1.0888888835906982,3.700000047683716,0.20000000298023224
Assam,94.85000409558415,27.449999067932367,3.6666667461395264,6.5,2.4000000953674316
Assam,92.75000406429172,26.04999904707074,8.677778244018555,38.70000076293945,1.399999976158142
Assam,92.55000406131148,26.949999060481787,3.6333329677581787,9.600000381469727,0.0
Assam,91.35000404343009,26.64999905601144,0.3888888955116272,1.2999999523162842,0.0
Assam,90.25000402703881,26.249999050050974,1.4777778387069702,2.799999952316284,0.6000000238418579
Assam,92.45000405982137,26.549999054521322,24.25555419921875,48.900001525878906,7.199999809265137
Assam,90.05000402405858,26.04999904707074,2.9000000953674316,5.300000190734863,0.4000000059604645
Assam,93.35000407323241,26.949999060481787,0.20000000298023224,0.800000011920929,0.0
Assam,94.25000408664346,26.64999905601144,7.222222328186035,15.5,0.699999988079071
Assam,94.25000408664346,27.34999906644225,11.433332443237305,24.299999237060547,4.5
Assam,92.45000405982137,24.849999029189348,12.122222900390625,16.600000381469727,0.0
Assam,91.15000404044986,26.34999905154109,1.0333333015441895,3.4000000953674316,0.10000000149011612
Assam,93.35000407323241,26.04999904707074,12.100000381469727,36.5,1.399999976158142
Assam,93.75000407919288,26.84999905899167,1.5888888835906982,5.0,0.20000000298023224
Assam,95.25000410154462,27.849999073892832,0.14444445073604584,1.100000023841858,0.0
Assam,92.45000405982137,24.349999021738768,26.46666717529297,36.400001525878906,22.100000381469727
Assam,93.2500040717423,26.34999905154109,3.299999952316284,9.0,0.30000001192092896
Assam,90.65000403299928,26.04999904707074,2.2333333492279053,7.699999809265137,0.4000000059604645
Assam,89.95000402256846,26.249999050050974,2.1999998092651367,3.200000047683716,0.4000000059604645
Assam,93.95000408217311,26.749999057501554,2.8777778148651123,6.400000095367432,1.100000023841858
Assam,92.35000405833125,26.549999054521322,12.0,21.799999237060547,5.0
Assam,93.95000408217311,26.249999050050974,0.4777778089046478,0.699999988079071,0.0
Assam,90.95000403746963,26.549999054521322,0.32222220301628113,1.399999976158142,0.0
Assam,92.35000405833125,26.449999053031206,10.955554962158203,15.699999809265137,5.0
Assam,94.85000409558415,27.549999069422483,6.200000286102295,11.699999809265137,2.4000000953674316
Assam,92.45000405982137,24.549999024719,22.644445419311523,25.799999237060547,17.100000381469727
Assam,91.55000404641032,26.04999904707074,15.122220993041992,28.799999237060547,8.899999618530273
Assam,91.25000404193997,26.64999905601144,0.23333334922790527,1.2000000476837158,0.0
Assam,94.5500040911138,27.34999906644225,11.48888874053955,24.100000381469727,4.099999904632568
Assam,93.2500040717423,26.84999905899167,0.6888888478279114,1.7000000476837158,0.0
Assam,93.35000407323241,26.84999905899167,0.5000000596046448,1.100000023841858,0.0
Assam,93.15000407025218,26.64999905601144,3.9666666984558105,8.5,0.800000011920929
Assam,91.85000405088067,26.84999905899167,0.14444443583488464,0.6000000238418579,0.0
Assam,92.85000406578183,25.04999903216958,11.222222328186035,21.700000762939453,3.0999999046325684
Assam,90.1500040255487,26.149999048560858,1.755555510520935,5.099999904632568,0.699999988079071
Assam,89.95000402256846,25.949999045580626,8.555556297302246,40.400001525878906,2.0999999046325684
Assam,93.15000407025218,24.949999030679464,13.866665840148926,22.899999618530273,6.099999904632568
Assam,91.75000404939055,26.249999050050974,13.844444274902344,27.0,4.5
Assam,92.6500040628016,26.149999048560858,21.544443130493164,48.79999923706055,3.799999952316284
Assam,91.15000404044986,26.449999053031206,0.5666666626930237,2.299999952316284,0.0
Assam,95.05000409856439,27.249999064952135,1.6444443464279175,3.799999952316284,0.10000000149011612
Assam,90.45000403001904,26.549999054521322,0.7222221493721008,1.399999976158142,0.10000000149011612
Assam,93.850004080683,26.249999050050974,0.4333333373069763,0.800000011920929,0.0
Assam,91.05000403895974,26.34999905154109,0.2888888716697693,1.0,0.0
Assam,92.35000405833125,26.34999905154109,11.233332633972168,15.699999809265137,6.400000095367432
Assam,92.75000406429172,24.649999026209116,27.344444274902344,50.599998474121094,17.100000381469727
Assam,90.35000402852893,26.64999905601144,1.8777779340744019,4.300000190734863,0.6000000238418579
Assam,93.45000407472253,25.949999045580626,18.022220611572266,36.5,3.799999952316284
Assam,92.95000406727195,26.149999048560858,4.888888835906982,11.699999809265137,2.299999952316284
Assam,93.75000407919288,25.949999045580626,3.277777910232544,16.799999237060547,0.0
Assam,93.45000407472253,25.649999041110277,6.277777671813965,12.5,0.699999988079071
Assam,93.35000407323241,26.449999053031206,2.433333396911621,5.400000095367432,0.699999988079071
Assam,92.45000405982137,26.64999905601144,20.344444274902344,44.5,7.199999809265137
Assam,90.1500040255487,26.34999905154109,0.7888888716697693,2.4000000953674316,0.30000001192092896
Assam,91.25000404193997,26.149999048560858,4.955555438995361,10.800000190734863,1.0
Assam,92.75000406429172,25.949999045580626,2.844444513320923,9.899999618530273,0.800000011920929
Assam,91.65000404790044,26.64999905601144,1.355555534362793,3.299999952316284,0.20000000298023224
Assam,90.7500040344894,25.949999045580626,4.8222222328186035,18.200000762939453,1.2000000476837158
Assam,94.25000408664346,26.549999054521322,5.05555534362793,14.699999809265137,0.20000000298023224
Assam,93.05000406876206,25.949999045580626,5.588888645172119,8.600000381469727,1.7999999523162842
Assam,90.7500040344894,26.04999904707074,4.233333110809326,18.200000762939453,0.5
Assam,92.85000406578183,25.54999903962016,0.19999998807907104,0.5,0.0
Assam,91.05000403895974,25.84999904409051,7.255556106567383,28.600000381469727,0.0
Assam,94.25000408664346,26.84999905899167,8.299999237060547,15.5,2.4000000953674316
Assam,92.95000406727195,24.949999030679464,15.84444522857666,21.700000762939453,8.399999618530273
Assam,91.65000404790044,26.449999053031206,13.0,27.0,2.9000000953674316
Assam,93.95000408217311,26.449999053031206,1.2444443702697754,5.199999809265137,0.10000000149011612
Assam,92.85000406578183,26.149999048560858,13.755555152893066,45.70000076293945,2.5999999046325684
Assam,94.5500040911138,26.84999905899167,16.33333396911621,23.200000762939453,11.699999809265137
Assam,93.05000406876206,25.04999903216958,10.799999237060547,20.5,2.200000047683716
Assam,95.35000410303473,27.249999064952135,0.9444444179534912,2.700000047683716,0.10000000149011612
Assam,91.55000404641032,26.149999048560858,9.722222328186035,14.100000381469727,5.599999904632568
Assam,92.95000406727195,25.749999042600393,0.9999998807907104,4.699999809265137,0.10000000149011612
Assam,93.35000407323241,25.84999904409051,14.266666412353516,36.5,1.7999999523162842
Assam,93.65000407770276,25.84999904409051,11.38888931274414,20.799999237060547,2.5999999046325684
Assam,94.85000409558415,27.6499990709126,7.744444847106934,26.299999237060547,0.0
Assam,92.85000406578183,26.249999050050974,18.422222137451172,45.70000076293945,2.5999999046325684
Assam,90.95000403746963,26.64999905601144,0.18888889253139496,0.800000011920929,0.0
Assam,92.55000406131148,24.549999024719,23.511112213134766,25.399999618530273,20.600000381469727
Assam,92.35000405833125,24.349999021738768,23.02222442626953,36.400001525878906,11.300000190734863
Assam,93.05000406876206,26.749999057501554,2.355555534362793,4.199999809265137,1.0
Assam,93.45000407472253,26.64999905601144,1.2333333492279053,3.299999952316284,0.5
Assam,93.05000406876206,25.84999904409051,4.0,8.600000381469727,0.5
Assam,94.25000408664346,27.249999064952135,8.266666412353516,13.600000381469727,4.5
Assam,95.65000410750508,27.449999067932367,1.633333444595337,5.099999904632568,0.10000000149011612
Assam,93.65000407770276,26.84999905899167,0.7777777910232544,2.5,0.10000000149011612
Assam,92.95000406727195,26.749999057501554,2.488888740539551,4.199999809265137,1.2999999523162842
Assam,90.45000403001904,26.449999053031206,0.6555554866790771,1.7999999523162842,0.0
Assam,93.2500040717423,26.549999054521322,4.144444465637207,9.0,0.800000011920929
Assam,91.95000405237079,26.749999057501554,0.5777777433395386,1.7999999523162842,0.0
Assam,93.55000407621264,26.64999905601144,1.5222222805023193,4.400000095367432,0.20000000298023224
Assam,92.95000406727195,25.149999033659697,5.600000381469727,10.699999809265137,1.7999999523162842
Assam,90.85000403597951,26.449999053031206,1.6555554866790771,7.400000095367432,0.0
Assam,95.35000410303473,27.549999069422483,0.4000000059604645,0.8999999761581421,0.10000000149011612
Assam,94.95000409707427,27.14999906346202,3.2666666507720947,7.0,1.100000023841858
Assam,93.45000407472253,26.549999054521322,1.788888931274414,3.700000047683716,0.800000011920929
Assam,91.55000404641032,26.749999057501554,0.30000001192092896,0.800000011920929,0.0
Assam,93.45000407472253,26.249999050050974,0.7888888716697693,1.5,0.20000000298023224
Assam,91.05000403895974,26.149999048560858,2.6888890266418457,16.200000762939453,0.0
Assam,93.65000407770276,26.249999050050974,0.4333333373069763,1.2000000476837158,0.0
Assam,90.25000402703881,26.149999048560858,1.2777777910232544,2.799999952316284,0.8999999761581421
Assam,94.25000408664346,27.14999906346202,8.5,14.0,4.5
Assam,91.65000404790044,26.34999905154109,14.466666221618652,27.0,6.400000095367432
Assam,91.15000404044986,26.04999904707074,3.2666666507720947,8.399999618530273,0.20000000298023224
Assam,93.45000407472253,26.149999048560858,3.433333158493042,13.300000190734863,0.20000000298023224
Assam,92.6500040628016,26.549999054521322,29.533334732055664,48.900001525878906,3.299999952316284
Assam,89.85000402107835,26.249999050050974,2.200000047683716,3.4000000953674316,0.0
Assam,92.45000405982137,26.749999057501554,14.933332443237305,36.400001525878906,4.699999809265137
Assam,91.25000404193997,26.249999050050974,4.344444274902344,10.800000190734863,0.5
Assam,90.95000403746963,26.34999905154109,0.2666666507720947,1.399999976158142,0.0
Assam,91.25000404193997,25.749999042600393,0.9777777194976807,3.5999999046325684,0.0
Assam,93.65000407770276,26.749999057501554,0.7888889312744141,1.7000000476837158,0.10000000149011612
Assam,93.65000407770276,25.949999045580626,7.588888168334961,20.799999237060547,0.0
Assam,93.850004080683,26.949999060481787,3.6888890266418457,6.599999904632568,0.0
Assam,93.55000407621264,26.249999050050974,0.6111111044883728,1.399999976158142,0.0
Assam,92.6500040628016,26.449999053031206,37.9888916015625,52.400001525878906,15.0
Assam,95.05000409856439,26.949999060481787,3.277777671813965,6.699999809265137,0.5
Assam,94.05000408366323,26.84999905899167,5.611111640930176,9.600000381469727,2.4000000953674316
Assam,92.95000406727195,25.449999038130045,0.9444444179534912,2.9000000953674316,0.0
Assam,89.75000401958823,26.249999050050974,1.3888888359069824,3.4000000953674316,0.0
Assam,91.4500040449202,26.04999904707074,12.188889503479004,27.600000381469727,8.899999618530273
Assam,95.65000410750508,27.6499990709126,1.2444443702697754,5.099999904632568,0.0
Assam,93.65000407770276,26.149999048560858,0.6000000238418579,3.799999952316284,0.0
Assam,94.05000408366323,26.449999053031206,0.43333330750465393,0.699999988079071,0.10000000149011612
Assam,91.55000404641032,26.549999054521322,4.688889026641846,17.399999618530273,0.30000001192092896
Assam,93.2500040717423,25.34999903663993,0.4333333373069763,1.7000000476837158,0.10000000149011612
Assam,93.05000406876206,25.649999041110277,0.25555554032325745,0.800000011920929,0.0
Assam,93.05000406876206,25.54999903962016,0.15555556118488312,0.5,0.0
Assam,93.850004080683,26.549999054521322,2.6888890266418457,6.300000190734863,0.4000000059604645
Assam,92.6500040628016,24.449999023228884,23.511112213134766,33.29999923706055,20.200000762939453
Assam,95.1500041000545,27.749999072402716,1.4666666984558105,6.199999809265137,0.0
Assam,93.45000407472253,26.449999053031206,1.7222222089767456,3.700000047683716,0.699999988079071
Assam,92.45000405982137,24.24999902024865,26.211111068725586,36.400001525878906,22.0
Assam,89.95000402256846,25.84999904409051,11.911110877990723,40.400001525878906,2.799999952316284
Assam,94.15000408515334,26.84999905899167,6.699999809265137,10.699999809265137,2.4000000953674316
Assam,95.85000411048532,27.549999069422483,0.7111111879348755,2.9000000953674316,0.0
Assam,95.65000410750508,27.249999064952135,0.2111111283302307,1.0,0.0
Assam,92.85000406578183,25.449999038130045,1.0333333015441895,2.9000000953674316,0.0
Assam,94.15000408515334,26.549999054521322,2.0888888835906982,10.300000190734863,0.10000000149011612
Assam,93.850004080683,26.84999905899167,2.9000000953674316,6.599999904632568,0.4000000059604645
Assam,92.25000405684114,26.749999057501554,7.011110782623291,14.699999809265137,1.5
Assam,94.45000408962369,27.14999906346202,9.94444465637207,14.5,5.800000190734863
Assam,90.65000403299928,26.749999057501554,0.3999999761581421,1.0,0.0
Assam,91.4500040449202,26.149999048560858,8.755556106567383,10.800000190734863,5.599999904632568
Assam,92.95000406727195,24.649999026209116,31.211111068725586,50.599998474121094,20.600000381469727
Assam,91.4500040449202,26.34999905154109,9.11111068725586,17.399999618530273,5.300000190734863
Assam,95.25000410154462,27.549999069422483,0.8333333134651184,2.9000000953674316,0.10000000149011612
Assam,91.55000404641032,26.34999905154109,11.655555725097656,25.100000381469727,5.599999904632568
Assam,92.45000405982137,24.449999023228884,25.15555763244629,36.400001525878906,20.200000762939453
Assam,95.1500041000545,27.449999067932367,2.8111109733581543,11.399999618530273,0.10000000149011612
Assam,95.45000410452485,27.449999067932367,1.0444444417953491,2.9000000953674316,0.30000001192092896
Assam,93.65000407770276,26.34999905154109,1.4444444179534912,4.199999809265137,0.10000000149011612
Assam,93.15000407025218,26.749999057501554,1.8888888359069824,3.299999952316284,0.800000011920929
Assam,90.35000402852893,26.04999904707074,0.9444444179534912,1.2999999523162842,0.800000011920929
Assam,92.95000406727195,26.64999905601144,7.233333110809326,22.299999237060547,1.899999976158142
Assam,93.45000407472253,25.34999903663993,0.3333333730697632,1.2000000476837158,0.10000000149011612
Assam,90.95000403746963,26.449999053031206,0.3333333432674408,1.399999976158142,0.0
Assam,92.15000405535102,26.149999048560858,6.088889122009277,10.800000190734863,1.399999976158142
Assam,92.55000406131148,24.749999027699232,19.155555725097656,25.399999618530273,14.800000190734863
Assam,89.85000402107835,26.04999904707074,2.844444513320923,8.899999618530273,0.0
Assam,90.1500040255487,26.749999057501554,1.5333333015441895,4.800000190734863,0.0
Assam,94.35000408813357,27.249999064952135,8.233333587646484,11.399999618530273,4.5
Assam,92.6500040628016,25.749999042600393,1.4000000953674316,3.299999952316284,0.20000000298023224
Assam,94.15000408515334,27.449999067932367,8.51111125946045,23.100000381469727,0.0
Assam,90.85000403597951,26.64999905601144,0.7222222089767456,3.700000047683716,0.0
Assam,90.95000403746963,26.149999048560858,2.6222219467163086,16.200000762939453,0.0
Assam,95.25000410154462,27.449999067932367,0.7333333492279053,2.9000000953674316,0.10000000149011612
Assam,92.0500040538609,26.34999905154109,8.377777099609375,12.5,4.199999809265137
Assam,93.75000407919288,26.149999048560858,0.15555554628372192,0.5,0.0
Assam,92.55000406131148,26.549999054521322,30.02222442626953,48.900001525878906,7.900000095367432
Assam,90.45000403001904,26.149999048560858,0.9444444179534912,1.7000000476837158,0.20000000298023224
Assam,93.65000407770276,26.449999053031206,2.922222137451172,6.300000190734863,0.800000011920929
Assam,92.85000406578183,26.64999905601144,8.222222328186035,22.299999237060547,1.899999976158142
Assam,91.4500040449202,26.64999905601144,0.7999999523162842,3.0999999046325684,0.0
Assam,91.65000404790044,26.749999057501554,0.32222220301628113,0.800000011920929,0.0
Assam,95.65000410750508,27.34999906644225,0.7222222089767456,2.0999999046325684,0.0
Assam,90.65000403299928,26.149999048560858,0.9888888597488403,3.700000047683716,0.10000000149011612
Assam,90.55000403150916,26.149999048560858,0.8111111521720886,1.899999976158142,0.20000000298023224
Assam,92.95000406727195,24.749999027699232,22.511112213134766,30.100000381469727,17.200000762939453
Assam,94.05000408366323,26.549999054521322,0.855555534362793,2.0,0.10000000149011612
Assam,89.85000402107835,25.949999045580626,7.244444847106934,40.400001525878906,0.0
Assam,93.850004080683,26.749999057501554,1.8777779340744019,4.400000095367432,0.4000000059604645
Assam,94.95000409707427,27.6499990709126,8.922222137451172,26.299999237060547,0.0
Assam,95.25000410154462,27.749999072402716,0.3222222328186035,1.100000023841858,0.0
Assam,95.45000410452485,27.34999906644225,1.0666667222976685,2.700000047683716,0.0
Assam,91.25000404193997,26.549999054521322,0.9666667580604553,5.300000190734863,0.0
Assam,89.85000402107835,25.749999042600393,9.344444274902344,40.400001525878906,0.0
Assam,92.25000405684114,24.549999024719,11.066667556762695,25.799999237060547,0.0
Assam,92.35000405833125,24.849999029189348,7.3111114501953125,16.0,0.0
Assam,92.15000405535102,26.84999905899167,1.8555556535720825,8.5,0.0
Assam,92.25000405684114,24.649999026209116,8.05555534362793,20.200000762939453,0.0
Assam,93.35000407323241,25.649999041110277,3.4111111164093018,10.100000381469727,0.20000000298023224
Assam,93.2500040717423,26.249999050050974,2.6111111640930176,4.300000190734863,0.30000001192092896
Assam,93.05000406876206,26.149999048560858,4.8111114501953125,11.699999809265137,2.299999952316284
Assam,93.75000407919288,26.34999905154109,1.2888888120651245,4.199999809265137,0.10000000149011612
Assam,91.95000405237079,26.449999053031206,8.422222137451172,19.899999618530273,3.799999952316284
Assam,93.15000407025218,25.249999035149813,1.7000001668930054,4.099999904632568,0.10000000149011612
Assam,93.05000406876206,24.549999024719,32.28889083862305,46.900001525878906,14.199999809265137
Assam,93.65000407770276,26.64999905601144,2.144444465637207,6.300000190734863,0.20000000298023224
Assam,90.55000403150916,26.04999904707074,1.2222222089767456,2.5,0.4000000059604645
Assam,94.15000408515334,27.34999906644225,10.422222137451172,23.100000381469727,0.0
Assam,93.05000406876206,26.249999050050974,5.0,11.800000190734863,2.299999952316284
Assam,93.55000407621264,26.34999905154109,1.2666667699813843,3.700000047683716,0.10000000149011612
Assam,91.05000403895974,26.749999057501554,0.0555555559694767,0.20000000298023224,0.0
Assam,92.95000406727195,24.549999024719,33.9666633605957,50.599998474121094,20.600000381469727
Assam,92.75000406429172,26.84999905899167,6.288888931274414,10.699999809265137,2.4000000953674316
Assam,91.65000404790044,26.04999904707074,18.55555534362793,28.799999237060547,9.0
Assam,89.85000402107835,26.149999048560858,2.3333332538604736,5.300000190734863,0.0
Assam,93.75000407919288,26.449999053031206,2.9555556774139404,6.300000190734863,0.699999988079071
Assam,93.65000407770276,26.04999904707074,3.6999998092651367,20.799999237060547,0.0
Assam,92.35000405833125,24.649999026209116,14.822221755981445,23.100000381469727,0.0
Assam,93.850004080683,27.14999906346202,2.8777778148651123,6.099999904632568,0.0
Assam,95.95000411197543,27.34999906644225,0.25555557012557983,1.100000023841858,0.0
Assam,93.15000407025218,25.04999903216958,9.077777862548828,20.5,2.0999999046325684
Assam,94.95000409707427,27.049999061971903,4.399999618530273,10.399999618530273,1.100000023841858
Assam,93.05000406876206,26.449999053031206,9.844444274902344,18.100000381469727,2.700000047683716
Assam,93.65000407770276,26.549999054521322,3.077777862548828,6.300000190734863,1.100000023841858
Assam,92.95000406727195,25.34999903663993,1.7333333492279053,2.9000000953674316,0.20000000298023224
Assam,94.45000408962369,27.549999069422483,16.11111068725586,33.900001525878906,0.0
Assam,93.35000407323241,25.449999038130045,0.35555556416511536,1.2000000476837158,0.10000000149011612
Assam,90.45000403001904,26.64999905601144,1.566666603088379,4.300000190734863,0.20000000298023224
Assam,94.15000408515334,26.749999057501554,4.988888740539551,10.300000190734863,1.5
Assam,92.25000405684114,25.749999042600393,10.855555534362793,21.200000762939453,5.099999904632568
Assam,94.65000409260392,27.549999069422483,7.688889503479004,24.100000381469727,0.0
Meghalaya,92.45000405982137,25.04999903216958,4.688889026641846,14.699999809265137,0.0
Meghalaya,91.65000404790044,25.34999903663993,2.799999952316284,5.300000190734863,1.399999976158142
Meghalaya,90.55000403150916,25.54999903962016,1.755555510520935,5.199999809265137,0.0
Meghalaya,91.05000403895974,25.749999042600393,3.0444440841674805,14.699999809265137,0.0
Meghalaya,91.65000404790044,25.84999904409051,28.522220611572266,43.70000076293945,19.799999237060547
Meghalaya,90.45000403001904,25.949999045580626,0.9555556178092957,1.5,0.4000000059604645
Meghalaya,91.25000404193997,25.34999903663993,0.2888888716697693,1.100000023841858,0.0
Meghalaya,90.45000403001904,25.749999042600393,1.144444465637207,2.5999999046325684,0.20000000298023224
Meghalaya,91.4500040449202,25.54999903962016,3.8000001907348633,13.699999809265137,0.0
Meghalaya,92.35000405833125,25.04999903216958,1.9444444179534912,7.199999809265137,0.0
Meghalaya,91.4500040449202,25.249999035149813,1.7777777910232544,4.5,0.0
Meghalaya,91.05000403895974,25.249999035149813,0.2777777910232544,1.100000023841858,0.0
Meghalaya,91.75000404939055,25.249999035149813,1.4333332777023315,3.299999952316284,0.0
Meghalaya,90.95000403746963,25.34999903663993,0.1666666716337204,0.699999988079071,0.0
Meghalaya,91.95000405237079,25.34999903663993,2.366666793823242,5.400000095367432,0.6000000238418579
Meghalaya,91.25000404193997,25.249999035149813,0.2888888716697693,1.100000023841858,0.0
Meghalaya,92.45000405982137,25.449999038130045,1.3444445133209229,3.0999999046325684,0.10000000149011612
Meghalaya,92.15000405535102,25.749999042600393,13.733332633972168,21.200000762939453,9.300000190734863
Meghalaya,91.4500040449202,25.649999041110277,7.588889122009277,26.600000381469727,0.0
Meghalaya,91.85000405088067,25.449999038130045,6.244443893432617,12.5,1.600000023841858
Meghalaya,92.6500040628016,25.249999035149813,2.711111068725586,3.200000047683716,2.0
Meghalaya,91.55000404641032,25.249999035149813,2.5444443225860596,4.5,0.5
Meghalaya,90.55000403150916,25.649999041110277,0.6666666865348816,2.0999999046325684,0.0
Meghalaya,90.35000402852893,25.249999035149813,11.366665840148926,21.299999237060547,0.0
Meghalaya,91.65000404790044,25.249999035149813,2.2555553913116455,4.5,0.0
Meghalaya,92.35000405833125,25.449999038130045,1.4444444179534912,3.5999999046325684,0.10000000149011612
Meghalaya,90.7500040344894,25.749999042600393,1.133333444595337,4.400000095367432,0.0
Meghalaya,92.35000405833125,25.249999035149813,0.8888888955116272,2.700000047683716,0.0
Meghalaya,90.25000402703881,25.949999045580626,0.7555555105209351,1.2000000476837158,0.4000000059604645
Meghalaya,92.55000406131148,25.34999903663993,1.8111109733581543,3.0999999046325684,0.10000000149011612
Meghalaya,89.95000402256846,25.54999903962016,0.9111111164093018,1.7999999523162842,0.0
Meghalaya,90.85000403597951,25.449999038130045,0.03333333507180214,0.20000000298023224,0.0
Meghalaya,92.25000405684114,25.34999903663993,0.8111111521720886,2.5,0.0
Meghalaya,91.75000404939055,25.84999904409051,23.755556106567383,43.70000076293945,5.599999904632568
Meghalaya,90.65000403299928,25.54999903962016,0.7444444298744202,2.700000047683716,0.0
Meghalaya,91.05000403895974,25.649999041110277,0.06666667014360428,0.30000001192092896,0.0
Meghalaya,90.85000403597951,25.749999042600393,2.566666603088379,14.699999809265137,0.0
Meghalaya,90.1500040255487,25.949999045580626,1.8333333730697632,5.099999904632568,0.4000000059604645
Meghalaya,90.35000402852893,25.749999042600393,1.5111111402511597,2.5999999046325684,0.20000000298023224
Meghalaya,92.35000405833125,25.54999903962016,3.722221851348877,10.699999809265137,0.10000000149011612
Meghalaya,92.15000405535102,25.54999903962016,8.966666221618652,18.899999618530273,1.7999999523162842
Meghalaya,91.85000405088067,25.84999904409051,13.40000057220459,24.100000381469727,2.5999999046325684
Meghalaya,90.35000402852893,25.649999041110277,3.922222137451172,11.5,0.20000000298023224
Meghalaya,90.85000403597951,25.249999035149813,0.07777778059244156,0.30000001192092896,0.0
Meghalaya,90.45000403001904,25.649999041110277,2.3000001907348633,9.899999618530273,0.20000000298023224
Meghalaya,92.15000405535102,25.949999045580626,5.233333110809326,10.399999618530273,1.399999976158142
Meghalaya,91.95000405237079,25.949999045580626,5.699999809265137,12.699999809265137,2.5999999046325684
Meghalaya,91.4500040449202,25.749999042600393,10.533332824707031,26.600000381469727,0.4000000059604645
Meghalaya,90.65000403299928,25.749999042600393,0.6666666865348816,2.0,0.0
Meghalaya,91.85000405088067,25.249999035149813,0.8555555939674377,1.7000000476837158,0.0
Meghalaya,90.65000403299928,25.449999038130045,1.1444443464279175,2.700000047683716,0.0
Meghalaya,92.0500040538609,25.34999903663993,2.0333335399627686,5.400000095367432,0.5
Meghalaya,91.85000405088067,25.649999041110277,16.77777862548828,25.899999618530273,10.800000190734863
Meghalaya,92.55000406131148,25.449999038130045,1.4222221374511719,3.0999999046325684,0.10000000149011612
Meghalaya,90.7500040344894,25.54999903962016,0.30000001192092896,2.700000047683716,0.0
Meghalaya,90.7500040344894,25.649999041110277,0.2888888716697693,1.899999976158142,0.0
Meghalaya,92.15000405535102,25.249999035149813,0.5,1.5,0.0
Meghalaya,91.15000404044986,25.249999035149813,0.3222222328186035,1.100000023841858,0.0
Meghalaya,90.55000403150916,25.749999042600393,0.7888889312744141,2.0999999046325684,0.0
Meghalaya,91.55000404641032,25.649999041110277,15.94444465637207,39.599998474121094,1.2999999523162842
Meghalaya,90.7500040344894,25.449999038130045,0.5666666626930237,2.700000047683716,0.0
Meghalaya,92.55000406131148,25.249999035149813,2.6555557250976562,3.200000047683716,2.0
Meghalaya,92.25000405684114,25.249999035149813,0.2888888716697693,1.0,0.0
Meghalaya,91.35000404343009,25.54999903962016,0.9444444179534912,6.5,0.0
Meghalaya,91.95000405237079,25.649999041110277,16.27777862548828,25.899999618530273,10.800000190734863
Meghalaya,90.55000403150916,25.249999035149813,5.744444847106934,14.800000190734863,0.0
Meghalaya,91.75000404939055,25.949999045580626,20.400001525878906,43.70000076293945,5.599999904632568
Meghalaya,92.0500040538609,25.84999904409051,9.55555534362793,21.200000762939453,2.5999999046325684
Meghalaya,90.25000402703881,25.84999904409051,1.2777777910232544,2.5999999046325684,0.4000000059604645
Meghalaya,90.35000402852893,25.84999904409051,1.0888888835906982,2.5999999046325684,0.20000000298023224
Meghalaya,92.15000405535102,26.04999904707074,4.211111068725586,7.199999809265137,1.399999976158142
Meghalaya,90.85000403597951,25.649999041110277,0.31111109256744385,1.899999976158142,0.0
Meghalaya,91.15000404044986,25.649999041110277,0.03333333507180214,0.20000000298023224,0.0
Meghalaya,91.35000404343009,25.249999035149813,0.7888888716697693,3.5999999046325684,0.0
Meghalaya,90.35000402852893,25.949999045580626,0.7888888716697693,1.2999999523162842,0.4000000059604645
Meghalaya,91.25000404193997,25.449999038130045,0.011111111380159855,0.10000000149011612,0.0
Meghalaya,91.75000404939055,25.54999903962016,14.04444408416748,25.899999618530273,4.5
Meghalaya,91.25000404193997,25.54999903962016,0.04444444552063942,0.4000000059604645,0.0
Meghalaya,90.7500040344894,25.249999035149813,0.5222222208976746,2.299999952316284,0.0
Meghalaya,91.95000405237079,25.54999903962016,12.711111068725586,25.899999618530273,4.599999904632568
Meghalaya,90.05000402405858,25.54999903962016,1.577777624130249,3.9000000953674316,0.6000000238418579
Meghalaya,92.45000405982137,25.249999035149813,1.7000000476837158,3.0999999046325684,0.0
Meghalaya,91.55000404641032,25.949999045580626,20.122220993041992,43.70000076293945,9.0
Meghalaya,91.65000404790044,25.54999903962016,12.177778244018555,23.5,2.9000000953674316
Meghalaya,91.75000404939055,25.649999041110277,20.96666717529297,39.599998474121094,12.0
Meghalaya,91.25000404193997,25.649999041110277,0.31111109256744385,2.299999952316284,0.0
Meghalaya,90.35000402852893,25.34999903663993,14.422222137451172,21.299999237060547,5.199999809265137
Meghalaya,90.35000402852893,25.449999038130045,12.955554962158203,21.299999237060547,1.7999999523162842
Meghalaya,89.95000402256846,25.449999038130045,1.7444443702697754,5.900000095367432,0.0
Meghalaya,90.55000403150916,25.449999038130045,3.433333396911621,13.600000381469727,0.0
Meghalaya,92.0500040538609,25.249999035149813,0.6777777671813965,1.600000023841858,0.0
Meghalaya,90.25000402703881,25.749999042600393,1.6555554866790771,2.5999999046325684,0.4000000059604645
Meghalaya,90.1500040255487,25.449999038130045,8.377777099609375,21.299999237060547,1.399999976158142
Meghalaya,91.95000405237079,25.749999042600393,15.09999942779541,25.899999618530273,5.5
Meghalaya,92.0500040538609,25.649999041110277,15.188888549804688,21.200000762939453,10.0
Meghalaya,90.65000403299928,25.249999035149813,1.2444443702697754,4.599999904632568,0.0
Meghalaya,90.45000403001904,25.149999033659697,5.222222328186035,15.5,0.0
Meghalaya,91.85000405088067,25.749999042600393,17.38888931274414,25.899999618530273,5.5
Meghalaya,91.95000405237079,25.84999904409051,9.622221946716309,18.600000381469727,2.5999999046325684
Meghalaya,90.25000402703881,25.249999035149813,8.233333587646484,21.299999237060547,0.0
Meghalaya,91.15000404044986,25.749999042600393,1.4777779579162598,10.600000381469727,0.0
Meghalaya,89.95000402256846,25.749999042600393,10.311111450195312,40.400001525878906,0.0
Meghalaya,91.55000404641032,25.34999903663993,2.133333206176758,4.5,0.30000001192092896
Meghalaya,92.15000405535102,25.34999903663993,1.5222222805023193,5.400000095367432,0.10000000149011612
Meghalaya,92.15000405535102,25.84999904409051,10.044445037841797,21.200000762939453,3.0
Meghalaya,91.35000404343009,25.749999042600393,3.4666666984558105,9.0,0.0
Meghalaya,90.85000403597951,25.54999903962016,0.011111111380159855,0.10000000149011612,0.0
Meghalaya,92.45000405982137,25.649999041110277,4.166666507720947,8.300000190734863,1.2000000476837158
Meghalaya,91.05000403895974,25.34999903663993,0.2777777910232544,1.100000023841858,0.0
Meghalaya,91.85000405088067,25.949999045580626,12.022221565246582,26.700000762939453,2.5999999046325684
Meghalaya,91.65000404790044,25.149999033659697,1.5333333015441895,4.5,0.0
Meghalaya,90.65000403299928,25.649999041110277,0.2666666507720947,0.800000011920929,0.0
Meghalaya,92.35000405833125,25.649999041110277,6.222222328186035,10.699999809265137,1.7000000476837158
Meghalaya,92.25000405684114,26.04999904707074,4.433332920074463,7.199999809265137,1.399999976158142
Meghalaya,91.35000404343009,25.649999041110277,2.1111109256744385,8.399999618530273,0.0
Meghalaya,90.1500040255487,25.649999041110277,3.3111109733581543,11.5,0.800000011920929
Meghalaya,90.95000403746963,25.449999038130045,0.04444444552063942,0.20000000298023224,0.0
Meghalaya,92.55000406131148,25.149999033659697,4.266666889190674,8.5,2.0
Meghalaya,92.15000405535102,25.649999041110277,13.466667175292969,21.200000762939453,3.5999999046325684
Meghalaya,89.85000402107835,25.34999903663993,0.6222221851348877,1.7999999523162842,0.0
Meghalaya,90.45000403001904,25.34999903663993,10.122221946716309,18.899999618530273,2.0999999046325684
Meghalaya,92.35000405833125,25.149999033659697,1.4000000953674316,7.099999904632568,0.0
Meghalaya,90.05000402405858,25.84999904409051,2.9777779579162598,4.400000095367432,0.4000000059604645
Meghalaya,92.0500040538609,25.749999042600393,13.977778434753418,21.200000762939453,5.5
Meghalaya,91.05000403895974,25.449999038130045,0.04444444552063942,0.20000000298023224,0.0
Meghalaya,90.7500040344894,25.34999903663993,0.8222222328186035,2.700000047683716,0.0
Meghalaya,91.4500040449202,25.149999033659697,1.4111112356185913,4.5,0.0
Meghalaya,91.75000404939055,26.04999904707074,15.122222900390625,28.799999237060547,4.5
Meghalaya,91.95000405237079,25.449999038130045,6.377778053283691,13.600000381469727,1.5
Meghalaya,90.45000403001904,25.54999903962016,4.366666793823242,13.899999618530273,0.699999988079071
Meghalaya,89.95000402256846,25.34999903663993,1.4777777194976807,5.900000095367432,0.0
Meghalaya,90.55000403150916,25.34999903663993,5.55555534362793,14.800000190734863,2.0999999046325684
Meghalaya,91.35000404343009,25.34999903663993,0.4222222566604614,1.600000023841858,0.0
Meghalaya,90.25000402703881,25.54999903962016,7.533333778381348,20.5,0.800000011920929
Meghalaya,92.55000406131148,25.54999903962016,1.5555555820465088,7.400000095367432,0.10000000149011612
Meghalaya,91.75000404939055,25.749999042600393,25.566667556762695,43.70000076293945,12.699999809265137
Meghalaya,92.0500040538609,25.449999038130045,5.855555534362793,13.600000381469727,1.0
Meghalaya,92.35000405833125,25.34999903663993,0.8777777552604675,2.299999952316284,0.0
Meghalaya,92.25000405684114,25.649999041110277,9.333333015441895,21.200000762939453,2.0999999046325684
Meghalaya,91.15000404044986,25.84999904409051,2.9111111164093018,10.600000381469727,0.0
Meghalaya,92.25000405684114,25.54999903962016,5.666666507720947,14.199999809265137,1.0
Meghalaya,90.45000403001904,25.84999904409051,0.9555554986000061,2.5999999046325684,0.20000000298023224
Meghalaya,92.6500040628016,25.34999903663993,1.8555556535720825,3.0999999046325684,0.4000000059604645
Meghalaya,89.85000402107835,25.449999038130045,0.7333333492279053,1.7999999523162842,0.0
Meghalaya,90.95000403746963,25.649999041110277,0.2777777910232544,1.899999976158142,0.0
Meghalaya,91.75000404939055,25.34999903663993,2.6666667461395264,5.300000190734863,0.800000011920929
Meghalaya,90.1500040255487,25.34999903663993,7.833332538604736,21.299999237060547,0.0
Meghalaya,92.0500040538609,25.949999045580626,4.6777777671813965,10.399999618530273,1.399999976158142
Meghalaya,90.85000403597951,25.84999904409051,8.611111640930176,28.600000381469727,0.30000001192092896
Meghalaya,92.45000405982137,25.34999903663993,1.255555510520935,3.0999999046325684,0.0
Meghalaya,90.95000403746963,25.84999904409051,9.700000762939453,28.600000381469727,0.20000000298023224
Meghalaya,91.55000404641032,25.749999042600393,21.69999885559082,43.70000076293945,6.5
Meghalaya,91.65000404790044,25.749999042600393,26.53333282470703,43.70000076293945,13.699999809265137
Meghalaya,90.1500040255487,25.54999903962016,5.066666603088379,20.5,0.800000011920929
Meghalaya,90.25000402703881,25.649999041110277,4.277777671813965,11.5,0.800000011920929
Meghalaya,91.65000404790044,25.449999038130045,6.1555562019348145,14.800000190734863,1.7000000476837158
Meghalaya,91.95000405237079,25.249999035149813,0.7444444298744202,1.600000023841858,0.0
Meghalaya,92.0500040538609,25.54999903962016,10.955554962158203,18.899999618530273,2.5
Meghalaya,91.35000404343009,25.449999038130045,0.23333331942558289,1.2999999523162842,0.0
Meghalaya,92.25000405684114,25.449999038130045,2.48888897895813,10.0,0.10000000149011612
Meghalaya,90.85000403597951,25.34999903663993,0.07777778059244156,0.30000001192092896,0.0
Meghalaya,90.1500040255487,25.249999035149813,5.066666603088379,21.299999237060547,0.0
Meghalaya,90.05000402405858,25.649999041110277,2.1111111640930176,4.0,0.6000000238418579
Meghalaya,91.15000404044986,25.449999038130045,0.02222222276031971,0.10000000149011612,0.0
Meghalaya,91.55000404641032,25.149999033659697,1.9555554389953613,4.5,0.0
Meghalaya,90.1500040255487,25.749999042600393,2.0222220420837402,4.0,0.6000000238418579
Meghalaya,92.75000406429172,25.249999035149813,2.944444417953491,4.5,2.0999999046325684
Meghalaya,91.85000405088067,25.34999903663993,2.4666666984558105,5.300000190734863,0.6000000238418579
Meghalaya,91.65000404790044,25.649999041110277,20.322223663330078,39.599998474121094,9.100000381469727
Meghalaya,91.55000404641032,25.449999038130045,4.244444370269775,14.800000190734863,0.30000001192092896
Meghalaya,90.45000403001904,25.449999038130045,7.622221946716309,18.899999618530273,0.699999988079071
Meghalaya,90.35000402852893,25.54999903962016,7.733333110809326,20.5,1.7999999523162842
Meghalaya,90.1500040255487,25.84999904409051,2.0444443225860596,4.0,0.4000000059604645
Meghalaya,91.75000404939055,25.449999038130045,6.533332824707031,14.800000190734863,1.600000023841858
Meghalaya,90.65000403299928,25.84999904409051,1.8777776956558228,7.699999809265137,0.20000000298023224
Meghalaya,90.25000402703881,25.34999903663993,12.344444274902344,21.299999237060547,2.5999999046325684
Meghalaya,90.7500040344894,25.84999904409051,4.288888931274414,18.200000762939453,0.20000000298023224
Meghalaya,91.4500040449202,25.34999903663993,1.2333332300186157,2.9000000953674316,0.0
Meghalaya,90.45000403001904,25.249999035149813,9.066666603088379,18.899999618530273,0.0
Meghalaya,92.25000405684114,25.149999033659697,0.15555556118488312,0.5,0.0
Meghalaya,90.05000402405858,25.449999038130045,2.9111108779907227,6.5,1.0
Meghalaya,90.95000403746963,25.749999042600393,3.577777862548828,14.699999809265137,0.0
Meghalaya,91.05000403895974,25.54999903962016,0.011111111380159855,0.10000000149011612,0.0
Meghalaya,91.55000404641032,25.54999903962016,8.511112213134766,23.5,0.30000001192092896
Meghalaya,91.15000404044986,25.34999903663993,0.3222222328186035,1.100000023841858,0.0
Meghalaya,90.95000403746963,25.249999035149813,0.1666666716337204,0.699999988079071,0.0
Meghalaya,90.65000403299928,25.34999903663993,1.8222222328186035,4.599999904632568,0.0
Meghalaya,90.05000402405858,25.34999903663993,2.855555534362793,6.5,0.0
Meghalaya,91.85000405088067,25.54999903962016,13.066667556762695,25.899999618530273,4.599999904632568
Meghalaya,92.15000405535102,25.449999038130045,4.411110877990723,13.600000381469727,0.30000001192092896
Meghalaya,90.95000403746963,25.54999903962016,0.011111111380159855,0.10000000149011612,0.0
Meghalaya,91.15000404044986,25.54999903962016,0.0,0.0,0.0
Meghalaya,92.15000405535102,25.149999033659697,0.18888889253139496,0.6000000238418579,0.0
Meghalaya,91.85000405088067,26.04999904707074,10.300000190734863,26.700000762939453,2.5999999046325684
Meghalaya,90.25000402703881,25.449999038130045,12.11111068725586,21.299999237060547,2.5999999046325684
Meghalaya,91.55000404641032,25.84999904409051,24.655555725097656,43.70000076293945,8.399999618530273
Meghalaya,92.45000405982137,25.149999033659697,2.722222089767456,7.400000095367432,0.0
Meghalaya,90.05000402405858,25.749999042600393,2.4111108779907227,4.400000095367432,0.6000000238418579
Meghalaya,91.4500040449202,25.449999038130045,1.8777776956558228,9.100000381469727,0.0
Meghalaya,92.45000405982137,25.54999903962016,2.3111109733581543,7.400000095367432,0.10000000149011612
Meghalaya,90.55000403150916,25.84999904409051,1.0555555820465088,2.5,0.20000000298023224
Manipur,93.35000407323241,24.549999024719,8.577777862548828,29.700000762939453,3.5
Manipur,93.45000407472253,24.849999029189348,1.8111112117767334,5.099999904632568,0.0
Manipur,94.45000408962369,25.54999903962016,6.333333492279053,10.199999809265137,2.799999952316284
Manipur,94.25000408664346,25.04999903216958,10.477777481079102,15.699999809265137,4.900000095367432
Manipur,93.2500040717423,24.849999029189348,11.733333587646484,22.899999618530273,0.800000011920929
Manipur,94.5500040911138,25.54999903962016,11.855555534362793,26.200000762939453,3.700000047683716
Manipur,93.95000408217311,23.949999015778303,4.111111164093018,10.300000190734863,0.0
Manipur,93.75000407919288,24.349999021738768,0.41111114621162415,2.4000000953674316,0.0
Manipur,93.95000408217311,25.149999033659697,3.922222137451172,6.900000095367432,1.5
Manipur,93.65000407770276,24.849999029189348,0.43333330750465393,2.0999999046325684,0.0
Manipur,93.15000407025218,24.749999027699232,16.55555534362793,22.899999618530273,9.300000190734863
Manipur,94.15000408515334,24.349999021738768,1.5888887643814087,2.5999999046325684,0.5
Manipur,93.95000408217311,25.249999035149813,5.122221946716309,8.300000190734863,2.299999952316284
Manipur,93.850004080683,24.149999018758535,3.1555557250976562,10.300000190734863,0.30000001192092896
Manipur,94.35000408813357,25.34999903663993,10.71111011505127,15.899999618530273,6.900000095367432
Manipur,93.35000407323241,24.749999027699232,5.866666793823242,12.899999618530273,1.100000023841858
Manipur,94.5500040911138,25.449999038130045,10.88888931274414,26.200000762939453,0.0
Manipur,93.850004080683,24.24999902024865,1.4888888597488403,3.0999999046325684,0.10000000149011612
Manipur,93.65000407770276,25.249999035149813,0.6000000238418579,1.100000023841858,0.10000000149011612
Manipur,94.45000408962369,24.549999024719,6.077778339385986,18.100000381469727,0.0
Manipur,93.65000407770276,24.04999901726842,0.8777777552604675,2.5999999046325684,0.0
Manipur,93.75000407919288,24.24999902024865,0.8222222328186035,3.0,0.10000000149011612
Manipur,94.05000408366323,24.649999026209116,7.322221755981445,18.799999237060547,1.2000000476837158
Manipur,93.2500040717423,24.149999018758535,13.755556106567383,49.79999923706055,0.0
Manipur,93.850004080683,24.449999023228884,0.5222222805023193,2.799999952316284,0.0
Manipur,94.15000408515334,25.34999903663993,8.09999942779541,15.0,5.099999904632568
Manipur,94.5500040911138,25.04999903216958,21.244443893432617,38.79999923706055,10.699999809265137
Manipur,94.5500040911138,24.849999029189348,22.344444274902344,38.79999923706055,0.0
Manipur,94.05000408366323,24.449999023228884,3.0222220420837402,12.699999809265137,0.4000000059604645
Manipur,94.65000409260392,24.949999030679464,14.333333015441895,38.79999923706055,0.0
Manipur,94.45000408962369,25.249999035149813,11.744443893432617,15.899999618530273,9.399999618530273
Manipur,93.65000407770276,25.149999033659697,0.4555555582046509,1.100000023841858,0.10000000149011612
Manipur,94.15000408515334,24.749999027699232,10.88888931274414,20.899999618530273,2.4000000953674316
Manipur,94.5500040911138,25.249999035149813,9.100000381469727,13.399999618530273,0.0
Manipur,93.55000407621264,24.549999024719,2.5333333015441895,10.0,0.20000000298023224
Manipur,93.55000407621264,24.04999901726842,0.9666666388511658,3.200000047683716,0.0
Manipur,94.35000408813357,24.349999021738768,1.0888888835906982,3.700000047683716,0.0
Manipur,93.35000407323241,24.849999029189348,5.3222222328186035,12.899999618530273,0.30000001192092896
Manipur,93.95000408217311,24.149999018758535,3.977778196334839,10.300000190734863,2.4000000953674316
Manipur,94.25000408664346,25.449999038130045,6.411111354827881,10.800000190734863,2.299999952316284
Manipur,94.35000408813357,25.249999035149813,12.311111450195312,15.899999618530273,9.399999618530273
Manipur,93.35000407323241,24.949999030679464,3.855555295944214,10.699999809265137,0.30000001192092896
Manipur,93.2500040717423,24.549999024719,16.58888816833496,37.5,3.799999952316284
Manipur,93.850004080683,24.849999029189348,0.4444444477558136,1.2000000476837158,0.10000000149011612
Manipur,93.75000407919288,24.749999027699232,0.23333331942558289,0.6000000238418579,0.10000000149011612
Manipur,94.15000408515334,24.04999901726842,2.3999998569488525,5.900000095367432,0.0
Manipur,93.55000407621264,25.149999033659697,0.2666666805744171,0.6000000238418579,0.10000000149011612
Manipur,94.05000408366323,24.549999024719,6.211111068725586,18.799999237060547,0.800000011920929
Manipur,93.05000406876206,24.449999023228884,42.66666793823242,65.80000305175781,29.5
Manipur,94.45000408962369,25.449999038130045,7.811110496520996,10.399999618530273,4.599999904632568
Manipur,94.25000408664346,24.849999029189348,12.266666412353516,16.200000762939453,6.5
Manipur,93.55000407621264,24.24999902024865,0.5999999642372131,1.7000000476837158,0.10000000149011612
Manipur,93.45000407472253,25.249999035149813,0.23333331942558289,0.6000000238418579,0.10000000149011612
Manipur,94.45000408962369,25.149999033659697,12.688888549804688,15.899999618530273,9.0
Manipur,93.65000407770276,24.449999023228884,0.5666666626930237,2.0,0.0
Manipur,93.35000407323241,25.04999903216958,2.5,10.600000381469727,0.20000000298023224
Manipur,93.850004080683,25.249999035149813,3.3222222328186035,8.300000190734863,0.699999988079071
Manipur,94.45000408962369,24.749999027699232,16.66666603088379,36.70000076293945,0.0
Manipur,93.35000407323241,24.649999026209116,6.02222204208374,12.899999618530273,3.0999999046325684
Manipur,93.2500040717423,24.649999026209116,12.744443893432617,37.400001525878906,3.799999952316284
Manipur,94.15000408515334,24.449999023228884,3.8111109733581543,12.699999809265137,0.5
Manipur,93.65000407770276,24.149999018758535,0.9555556178092957,2.5999999046325684,0.10000000149011612
Manipur,93.65000407770276,24.749999027699232,0.5777778029441833,2.0999999046325684,0.10000000149011612
Manipur,93.05000406876206,24.24999902024865,43.133331298828125,65.80000305175781,20.0
Manipur,93.65000407770276,24.549999024719,0.6555554866790771,2.0,0.0
Manipur,93.75000407919288,24.849999029189348,0.23333331942558289,0.4000000059604645,0.10000000149011612
Manipur,93.75000407919288,24.949999030679464,0.3999999761581421,1.5,0.10000000149011612
Manipur,93.45000407472253,24.949999030679464,0.8777778148651123,3.299999952316284,0.0
Manipur,94.5500040911138,24.949999030679464,23.933332443237305,38.79999923706055,0.0
Manipur,94.15000408515334,25.04999903216958,7.844444274902344,15.399999618530273,1.5
Manipur,94.25000408664346,25.34999903663993,9.955554962158203,15.899999618530273,5.099999904632568
Manipur,94.35000408813357,25.449999038130045,7.3222222328186035,10.800000190734863,3.5
Manipur,94.05000408366323,24.949999030679464,3.211111307144165,6.800000190734863,0.6000000238418579
Manipur,93.95000408217311,25.449999038130045,4.633333206176758,8.300000190734863,2.299999952316284
Manipur,94.35000408813357,24.649999026209116,13.566666603088379,20.899999618530273,6.800000190734863
Manipur,93.75000407919288,24.449999023228884,0.17777778208255768,0.5,0.0
Manipur,93.35000407323241,24.24999902024865,4.400000095367432,13.100000381469727,0.800000011920929
Manipur,94.25000408664346,24.749999027699232,13.88888931274414,20.899999618530273,6.800000190734863
Manipur,93.05000406876206,24.149999018758535,31.911109924316406,58.599998474121094,14.5
Manipur,93.65000407770276,24.349999021738768,0.4444444477558136,2.0,0.0
Manipur,93.850004080683,24.649999026209116,0.9666666388511658,3.4000000953674316,0.0
Manipur,93.2500040717423,24.349999021738768,21.78888702392578,49.79999923706055,1.2000000476837158
Manipur,94.05000408366323,24.04999901726842,4.622222423553467,10.300000190734863,1.7999999523162842
Manipur,93.45000407472253,24.549999024719,3.788888692855835,10.0,1.2999999523162842
Manipur,93.15000407025218,24.24999902024865,33.93333435058594,65.80000305175781,6.5
Manipur,93.850004080683,25.449999038130045,3.98888897895813,8.300000190734863,0.8999999761581421
Manipur,94.5500040911138,24.749999027699232,12.066667556762695,36.70000076293945,0.0
Manipur,93.850004080683,25.149999033659697,2.4111108779907227,5.0,0.699999988079071
Manipur,93.35000407323241,24.449999023228884,8.488887786865234,29.700000762939453,1.7000000476837158
Manipur,94.05000408366323,25.04999903216958,4.288888931274414,9.0,0.699999988079071
Manipur,93.850004080683,24.749999027699232,0.7333333492279053,3.4000000953674316,0.10000000149011612
Manipur,93.75000407919288,25.249999035149813,1.644444465637207,4.5,0.5
Manipur,93.65000407770276,24.649999026209116,0.6888888478279114,2.0999999046325684,0.0
Manipur,93.95000408217311,24.649999026209116,2.9111111164093018,8.300000190734863,0.20000000298023224
Manipur,93.95000408217311,24.449999023228884,1.2888888120651245,5.699999809265137,0.10000000149011612
Manipur,93.95000408217311,24.749999027699232,2.288888692855835,8.300000190734863,0.10000000149011612
Manipur,94.25000408664346,24.949999030679464,10.977778434753418,16.200000762939453,4.900000095367432
Manipur,93.55000407621264,24.749999027699232,1.3888888359069824,3.5,0.10000000149011612
Manipur,93.15000407025218,24.149999018758535,25.33333396911621,58.599998474121094,6.5
Manipur,94.15000408515334,23.949999015778303,1.7666667699813843,5.900000095367432,0.0
Manipur,94.65000409260392,25.04999903216958,14.34444522857666,38.79999923706055,0.0
Manipur,93.2500040717423,24.449999023228884,20.26666831970215,46.29999923706055,2.299999952316284
Manipur,93.2500040717423,24.24999902024865,16.911109924316406,49.79999923706055,1.2000000476837158
Manipur,93.55000407621264,24.349999021738768,1.788888931274414,10.0,0.10000000149011612
Manipur,93.55000407621264,24.949999030679464,0.31111109256744385,1.100000023841858,0.0
Manipur,93.05000406876206,24.349999021738768,45.89999771118164,65.80000305175781,29.5
Manipur,94.05000408366323,24.24999902024865,1.9222221374511719,3.0999999046325684,0.4000000059604645
Manipur,94.05000408366323,25.34999903663993,6.533333778381348,11.399999618530273,5.0
Manipur,94.15000408515334,25.249999035149813,9.5,15.0,6.0
Manipur,94.35000408813357,25.149999033659697,12.577777862548828,15.899999618530273,9.0
Manipur,94.5500040911138,25.649999041110277,11.09999942779541,24.0,3.5
Manipur,93.850004080683,24.349999021738768,0.8222222328186035,3.0,0.0
Manipur,93.65000407770276,24.949999030679464,0.24444444477558136,0.699999988079071,0.0
Manipur,93.850004080683,25.34999903663993,3.7555558681488037,8.300000190734863,0.699999988079071
Manipur,93.95000408217311,24.04999901726842,5.07777738571167,10.300000190734863,2.5999999046325684
Manipur,94.05000408366323,24.349999021738768,1.5555555820465088,3.0,0.4000000059604645
Manipur,93.65000407770276,25.04999903216958,0.35555559396743774,1.100000023841858,0.0
Manipur,93.15000407025218,24.349999021738768,39.21110916137695,65.80000305175781,11.800000190734863
Manipur,93.95000408217311,24.24999902024865,1.9777777194976807,3.0999999046325684,0.20000000298023224
Manipur,93.15000407025218,24.449999023228884,34.64444351196289,65.80000305175781,8.899999618530273
Manipur,94.05000408366323,25.54999903962016,3.2444446086883545,5.300000190734863,0.8999999761581421
Manipur,94.25000408664346,25.249999035149813,11.477777481079102,15.899999618530273,6.599999904632568
Manipur,94.5500040911138,25.34999903663993,10.01111125946045,26.200000762939453,0.0
Manipur,93.75000407919288,25.149999033659697,1.3333333730697632,4.5,0.10000000149011612
Manipur,94.05000408366323,25.149999033659697,5.8111114501953125,11.399999618530273,2.299999952316284
Manipur,93.850004080683,25.54999903962016,4.5,8.699999809265137,2.200000047683716
Manipur,94.45000408962369,25.34999903663993,10.85555648803711,15.899999618530273,7.699999809265137
Manipur,93.45000407472253,25.04999903216958,0.4333333373069763,1.2999999523162842,0.0
Manipur,93.95000408217311,24.549999024719,2.5333333015441895,8.300000190734863,0.10000000149011612
Manipur,93.45000407472253,24.449999023228884,3.3333332538604736,10.0,0.699999988079071
Manipur,94.25000408664346,24.349999021738768,1.7333332300186157,3.700000047683716,0.0
Manipur,93.850004080683,23.949999015778303,3.1111111640930176,10.300000190734863,0.0
Manipur,93.95000408217311,24.349999021738768,1.211111068725586,3.0,0.10000000149011612
Manipur,93.35000407323241,24.149999018758535,4.400000095367432,13.100000381469727,0.0
Manipur,94.65000409260392,25.449999038130045,11.411110877990723,26.899999618530273,0.0
Manipur,93.95000408217311,24.949999030679464,1.4111112356185913,3.200000047683716,0.10000000149011612
Manipur,94.15000408515334,24.949999030679464,7.222222328186035,15.399999618530273,1.5
Manipur,93.35000407323241,24.349999021738768,8.333333015441895,29.700000762939453,0.800000011920929
Manipur,93.65000407770276,24.24999902024865,0.35555553436279297,0.8999999761581421,0.10000000149011612
Manipur,93.45000407472253,24.349999021738768,2.5999999046325684,10.0,0.30000001192092896
Manipur,94.65000409260392,25.149999033659697,7.466666221618652,15.100000381469727,0.0
Manipur,94.05000408366323,24.149999018758535,3.766666889190674,10.300000190734863,1.7999999523162842
Manipur,93.15000407025218,24.549999024719,25.77777862548828,40.29999923706055,8.899999618530273
Manipur,93.95000408217311,25.34999903663993,5.233333110809326,8.300000190734863,3.4000000953674316
Manipur,93.95000408217311,24.849999029189348,1.211111068725586,3.700000047683716,0.10000000149011612
Manipur,94.25000408664346,24.149999018758535,1.0111111402511597,2.4000000953674316,0.0
Manipur,93.45000407472253,24.24999902024865,1.0666667222976685,2.299999952316284,0.30000001192092896
Manipur,93.2500040717423,24.949999030679464,9.266666412353516,22.899999618530273,0.800000011920929
Manipur,94.45000408962369,24.949999030679464,22.744443893432617,38.79999923706055,9.0
Manipur,93.95000408217311,25.04999903216958,2.488888740539551,6.900000095367432,0.4000000059604645
Manipur,93.850004080683,24.549999024719,0.9000000357627869,3.4000000953674316,0.0
Manipur,94.35000408813357,24.749999027699232,17.94444465637207,36.70000076293945,12.5
Manipur,94.15000408515334,24.649999026209116,11.144444465637207,20.899999618530273,3.700000047683716
Manipur,93.55000407621264,24.849999029189348,0.855555534362793,3.0999999046325684,0.0
Manipur,94.35000408813357,24.949999030679464,18.555553436279297,36.70000076293945,9.0
Manipur,93.55000407621264,25.04999903216958,0.2222222238779068,0.6000000238418579,0.0
Manipur,94.25000408664346,24.549999024719,9.788887977600098,20.899999618530273,2.200000047683716
Manipur,94.15000408515334,24.24999902024865,1.6111111640930176,2.5999999046325684,0.5
Manipur,93.75000407919288,25.04999903216958,0.800000011920929,2.299999952316284,0.10000000149011612
Manipur,93.55000407621264,24.449999023228884,2.2444446086883545,10.0,0.20000000298023224
Manipur,94.05000408366323,24.849999029189348,3.633333444595337,9.300000190734863,0.6000000238418579
Manipur,93.45000407472253,24.04999901726842,3.7444441318511963,25.299999237060547,0.0
Manipur,94.35000408813357,25.04999903216958,15.11111068725586,35.29999923706055,9.0
Manipur,94.25000408664346,24.649999026209116,12.733333587646484,20.899999618530273,6.800000190734863
Manipur,94.15000408515334,25.449999038130045,5.400000095367432,10.800000190734863,2.299999952316284
Manipur,94.05000408366323,24.749999027699232,6.05555534362793,18.799999237060547,0.6000000238418579
Manipur,93.75000407919288,24.549999024719,0.2222222238779068,0.6000000238418579,0.0
Manipur,94.35000408813357,24.549999024719,9.533333778381348,20.899999618530273,0.0
Manipur,93.75000407919288,24.649999026209116,0.2666666805744171,0.6000000238418579,0.0
Manipur,93.850004080683,24.949999030679464,0.7666666507720947,2.299999952316284,0.10000000149011612
Manipur,93.55000407621264,24.649999026209116,1.788888931274414,3.5,0.20000000298023224
Manipur,94.05000408366323,23.949999015778303,3.788889169692993,10.300000190734863,0.0
Manipur,93.45000407472253,24.649999026209116,3.1111111640930176,5.099999904632568,1.2999999523162842
Manipur,94.35000408813357,24.449999023228884,4.088888645172119,13.600000381469727,0.0
Manipur,93.75000407919288,24.04999901726842,1.6888890266418457,4.400000095367432,0.0
Manipur,94.25000408664346,24.449999023228884,4.366666793823242,12.699999809265137,0.8999999761581421
Manipur,94.15000408515334,25.149999033659697,8.844444274902344,15.0,3.200000047683716
Manipur,93.850004080683,24.04999901726842,3.8888888359069824,10.300000190734863,0.0
Manipur,93.75000407919288,25.34999903663993,1.9444444179534912,4.5,0.5
Manipur,93.95000408217311,25.54999903962016,3.711111307144165,5.300000190734863,0.8999999761581421
Manipur,94.35000408813357,24.849999029189348,19.599998474121094,36.70000076293945,12.699999809265137
Manipur,94.15000408515334,24.549999024719,8.877777099609375,20.899999618530273,0.800000011920929
Manipur,93.15000407025218,24.649999026209116,19.766666412353516,37.400001525878906,8.899999618530273
Manipur,93.75000407919288,24.149999018758535,1.5111111402511597,3.0,0.10000000149011612
Manipur,94.45000408962369,24.849999029189348,23.244443893432617,38.79999923706055,12.699999809265137
Manipur,94.15000408515334,24.149999018758535,2.2444446086883545,5.900000095367432,0.0
Manipur,93.850004080683,25.04999903216958,1.4444442987442017,3.5999999046325684,0.4000000059604645
Manipur,93.45000407472253,25.149999033659697,0.35555553436279297,1.2999999523162842,0.10000000149011612
Manipur,94.25000408664346,25.149999033659697,11.0,15.899999618530273,4.900000095367432
Manipur,94.45000408962369,24.649999026209116,10.44444465637207,18.100000381469727,0.0
Manipur,94.05000408366323,25.449999038130045,4.833333492279053,8.300000190734863,2.299999952316284
Manipur,93.45000407472253,24.149999018758535,1.1888890266418457,3.200000047683716,0.0
Manipur,94.25000408664346,24.24999902024865,1.144444465637207,2.4000000953674316,0.0
Manipur,94.5500040911138,25.149999033659697,11.855555534362793,15.100000381469727,0.0
Manipur,93.35000407323241,25.149999033659697,1.4111111164093018,6.099999904632568,0.10000000149011612
Manipur,94.45000408962369,25.04999903216958,18.0,38.79999923706055,9.0
Manipur,94.05000408366323,25.249999035149813,6.97777795791626,11.399999618530273,3.5999999046325684
Manipur,93.55000407621264,24.149999018758535,1.100000023841858,3.200000047683716,0.10000000149011612
Manipur,93.2500040717423,24.749999027699232,11.244443893432617,22.899999618530273,3.299999952316284
Manipur,93.45000407472253,24.749999027699232,2.6666667461395264,5.099999904632568,0.5
Manipur,94.15000408515334,24.849999029189348,8.155555725097656,15.399999618530273,1.5
Mizoram,92.85000406578183,23.149999003857374,30.722225189208984,60.0,8.0
Mizoram,93.05000406876206,23.349999006837606,48.78888702392578,63.79999923706055,28.299999237060547
Mizoram,93.15000407025218,22.44999899342656,12.28888988494873,35.29999923706055,0.0
Mizoram,92.55000406131148,23.849999014288187,31.61111068725586,40.79999923706055,19.600000381469727
Mizoram,92.6500040628016,22.74999899789691,7.233333110809326,18.5,2.799999952316284
Mizoram,92.35000405833125,24.04999901726842,19.877779006958008,25.799999237060547,10.399999618530273
Mizoram,92.55000406131148,23.049999002367258,12.44444465637207,23.799999237060547,6.400000095367432
Mizoram,92.75000406429172,23.649999011307955,44.65555191040039,52.599998474121094,38.79999923706055
Mizoram,92.85000406578183,23.54999900981784,44.71110916137695,55.29999923706055,39.79999923706055
Mizoram,93.35000407323241,23.649999011307955,46.82221984863281,88.19999694824219,0.0
Mizoram,92.55000406131148,22.74999899789691,3.8888888359069824,16.600000381469727,0.0
Mizoram,92.95000406727195,23.649999011307955,44.74444580078125,54.0,39.79999923706055
Mizoram,92.75000406429172,23.24999900534749,40.57777786254883,60.20000076293945,20.299999237060547
Mizoram,92.85000406578183,23.24999900534749,44.9555549621582,60.20000076293945,22.299999237060547
Mizoram,93.05000406876206,22.44999899342656,25.011112213134766,41.79999923706055,0.0
Mizoram,93.15000407025218,23.949999015778303,26.322221755981445,43.099998474121094,12.600000381469727
Mizoram,92.85000406578183,22.649998996406794,20.044443130493164,40.20000076293945,7.0
Mizoram,92.55000406131148,24.04999901726842,27.755556106567383,38.0,21.299999237060547
Mizoram,93.35000407323241,23.349999006837606,22.155555725097656,45.099998474121094,0.0
Mizoram,93.05000406876206,23.149999003857374,40.344444274902344,63.79999923706055,0.0
Mizoram,92.85000406578183,22.74999899789691,12.133333206176758,26.799999237060547,2.5999999046325684
Mizoram,92.95000406727195,22.549998994916677,30.47777557373047,46.099998474121094,8.199999809265137
Mizoram,93.2500040717423,23.149999003857374,39.44444274902344,73.69999694824219,0.0
Mizoram,92.55000406131148,24.149999018758535,24.96666717529297,28.5,19.399999618530273
Mizoram,92.6500040628016,22.649998996406794,11.888888359069824,21.100000381469727,3.5
Mizoram,93.05000406876206,22.74999899789691,7.02222204208374,26.799999237060547,0.0
Mizoram,92.6500040628016,23.149999003857374,22.311111450195312,49.70000076293945,8.0
Mizoram,93.15000407025218,23.649999011307955,57.74444580078125,88.19999694824219,35.900001525878906
Mizoram,93.15000407025218,23.24999900534749,54.13333511352539,73.69999694824219,41.5
Mizoram,92.85000406578183,23.649999011307955,44.655555725097656,51.0,39.79999923706055
Mizoram,92.45000405982137,24.04999901726842,24.900001525878906,38.0,16.799999237060547
Mizoram,93.15000407025218,23.54999900981784,45.61111068725586,88.19999694824219,28.299999237060547
Mizoram,92.75000406429172,22.149998988956213,28.57777976989746,47.29999923706055,0.0
Mizoram,92.45000405982137,23.149999003857374,12.922222137451172,29.700000762939453,0.0
Mizoram,92.95000406727195,23.949999015778303,26.588890075683594,45.20000076293945,12.699999809265137
Mizoram,92.6500040628016,22.049998987466097,10.811111450195312,34.5,0.0
Mizoram,92.55000406131148,22.949999000877142,6.488889217376709,12.0,0.0
Mizoram,93.2500040717423,23.049999002367258,26.36666488647461,73.69999694824219,0.0
Mizoram,93.05000406876206,24.04999901726842,23.866666793823242,33.5,14.5
Mizoram,92.85000406578183,23.849999014288187,38.57777786254883,51.0,22.899999618530273
Mizoram,92.55000406131148,23.349999006837606,39.633331298828125,52.20000076293945,25.700000762939453
Mizoram,93.15000407025218,24.04999901726842,20.577777862548828,33.5,6.5
Mizoram,92.85000406578183,22.849998999387026,6.355555534362793,9.699999809265137,2.5999999046325684
Mizoram,92.75000406429172,23.849999014288187,37.755558013916016,51.0,22.899999618530273
Mizoram,92.95000406727195,23.149999003857374,37.34444046020508,63.79999923706055,10.0
Mizoram,93.05000406876206,22.949999000877142,9.78888988494873,32.29999923706055,0.0
Mizoram,92.95000406727195,22.349998991936445,37.9555549621582,46.20000076293945,26.799999237060547
Mizoram,92.75000406429172,22.24999899044633,39.32221984863281,56.70000076293945,26.600000381469727
Mizoram,93.2500040717423,24.04999901726842,15.766666412353516,28.700000762939453,0.0
Mizoram,92.6500040628016,22.44999899342656,22.322221755981445,56.70000076293945,0.0
Mizoram,93.2500040717423,23.24999900534749,45.19999694824219,73.69999694824219,20.100000381469727
Mizoram,92.95000406727195,24.349999021738768,38.633331298828125,65.80000305175781,17.799999237060547
Mizoram,92.95000406727195,22.049998987466097,14.077777862548828,52.099998474121094,0.0
Mizoram,92.35000405833125,23.849999014288187,18.233333587646484,23.299999237060547,13.399999618530273
Mizoram,93.15000407025218,23.149999003857374,47.83332824707031,73.69999694824219,0.0
Mizoram,92.6500040628016,23.449999008327723,47.05555725097656,60.20000076293945,34.70000076293945
Mizoram,92.6500040628016,23.649999011307955,40.888893127441406,52.599998474121094,31.5
Mizoram,92.95000406727195,23.24999900534749,48.55555725097656,63.79999923706055,26.100000381469727
Mizoram,92.55000406131148,22.549998994916677,8.522221565246582,24.0,0.0
Mizoram,92.95000406727195,24.24999902024865,36.32221984863281,65.80000305175781,17.200000762939453
Mizoram,93.05000406876206,23.74999901279807,47.38888931274414,75.5999984741211,30.0
Mizoram,93.2500040717423,23.349999006837606,36.644447326660156,52.099998474121094,20.100000381469727
Mizoram,93.35000407323241,23.54999900981784,38.52222442626953,88.19999694824219,0.0
Mizoram,92.45000405982137,23.449999008327723,32.92222595214844,44.29999923706055,0.0
Mizoram,92.95000406727195,22.24999899044633,32.55555725097656,46.20000076293945,0.0
Mizoram,92.45000405982137,22.949999000877142,4.077777862548828,12.0,0.0
Mizoram,92.35000405833125,23.74999901279807,16.288888931274414,26.100000381469727,0.0
Mizoram,92.6500040628016,22.24999899044633,24.766666412353516,56.70000076293945,0.0
Mizoram,93.15000407025218,23.449999008327723,42.80000305175781,60.79999923706055,28.299999237060547
Mizoram,93.35000407323241,23.849999014288187,29.47777557373047,74.5,0.0
Mizoram,92.6500040628016,23.049999002367258,11.722221374511719,22.299999237060547,6.099999904632568
Mizoram,92.95000406727195,22.649998996406794,19.05555534362793,40.20000076293945,4.800000190734863
Mizoram,92.95000406727195,22.949999000877142,11.644444465637207,32.29999923706055,2.5999999046325684
Mizoram,93.05000406876206,23.049999002367258,23.311111450195312,60.20000076293945,0.0
Mizoram,92.35000405833125,23.449999008327723,20.644445419311523,44.29999923706055,0.0
Mizoram,93.15000407025218,23.74999901279807,54.66666793823242,88.19999694824219,30.0
Mizoram,92.6500040628016,22.849998999387026,5.222222328186035,8.0,2.799999952316284
Mizoram,93.05000406876206,22.549998994916677,20.799999237060547,41.79999923706055,0.0
Mizoram,92.75000406429172,22.649998996406794,16.088890075683594,26.799999237060547,4.199999809265137
Mizoram,93.05000406876206,23.649999011307955,47.599998474121094,75.5999984741211,35.900001525878906
Mizoram,93.05000406876206,22.849998999387026,5.411111354827881,13.0,0.0
Mizoram,92.95000406727195,23.449999008327723,45.53333282470703,57.29999923706055,31.100000381469727
Mizoram,92.55000406131148,23.24999900534749,31.42222023010254,44.599998474121094,16.700000762939453
Mizoram,93.05000406876206,23.849999014288187,41.5333366394043,75.5999984741211,21.799999237060547
Mizoram,93.35000407323241,23.24999900534749,27.16666603088379,73.69999694824219,0.0
Mizoram,92.75000406429172,22.74999899789691,9.966667175292969,24.399999618530273,2.5999999046325684
Mizoram,92.6500040628016,22.549998994916677,17.22222137451172,38.70000076293945,0.0
Mizoram,92.35000405833125,24.149999018758535,20.133333206176758,28.5,10.399999618530273
Mizoram,93.35000407323241,23.149999003857374,27.19999885559082,73.69999694824219,0.0
Mizoram,92.55000406131148,23.74999901279807,31.89999771118164,40.79999923706055,19.600000381469727
Mizoram,92.45000405982137,23.049999002367258,8.266666412353516,23.799999237060547,0.0
Mizoram,92.85000406578183,24.149999018758535,21.122220993041992,39.099998474121094,12.699999809265137
Mizoram,92.95000406727195,22.149998988956213,26.75555419921875,52.099998474121094,0.0
Mizoram,92.55000406131148,23.149999003857374,20.700000762939453,40.400001525878906,8.399999618530273
Mizoram,93.2500040717423,23.949999015778303,24.92222023010254,43.099998474121094,0.0
Mizoram,92.55000406131148,22.649998996406794,6.711111068725586,18.799999237060547,0.0
Mizoram,92.85000406578183,23.349999006837606,52.0111083984375,60.20000076293945,44.79999923706055
Mizoram,93.05000406876206,22.24999899044633,20.933334350585938,40.20000076293945,0.0
Mizoram,92.85000406578183,22.949999000877142,8.077777862548828,20.100000381469727,2.5999999046325684
Mizoram,92.75000406429172,22.44999899342656,33.88888931274414,56.70000076293945,18.799999237060547
Mizoram,93.2500040717423,23.849999014288187,45.85555648803711,75.5999984741211,25.299999237060547
Mizoram,93.2500040717423,23.74999901279807,59.38888931274414,88.19999694824219,28.399999618530273
Mizoram,92.75000406429172,23.349999006837606,49.866668701171875,60.20000076293945,40.400001525878906
Mizoram,92.75000406429172,22.949999000877142,6.344444274902344,10.0,2.5999999046325684
Mizoram,92.45000405982137,23.949999015778303,25.55555534362793,39.099998474121094,16.399999618530273
Mizoram,92.75000406429172,23.049999002367258,12.688888549804688,26.100000381469727,4.099999904632568
Mizoram,92.45000405982137,23.349999006837606,28.0,44.29999923706055,0.0
Mizoram,92.85000406578183,22.349998991936445,43.83333206176758,56.70000076293945,32.5
Mizoram,92.75000406429172,23.449999008327723,50.39999771118164,60.20000076293945,41.29999923706055
Mizoram,93.05000406876206,22.649998996406794,12.54444408416748,40.20000076293945,0.0
Mizoram,92.6500040628016,24.04999901726842,26.5,38.0,15.600000381469727
Mizoram,92.75000406429172,23.74999901279807,41.86666488647461,51.0,36.29999923706055
Mizoram,92.35000405833125,23.54999900981784,20.811111450195312,44.29999923706055,0.0
Mizoram,92.55000406131148,23.649999011307955,34.80000305175781,52.599998474121094,19.600000381469727
Mizoram,93.15000407025218,23.349999006837606,44.96666717529297,63.79999923706055,28.299999237060547
Mizoram,93.05000406876206,23.949999015778303,27.85555648803711,45.20000076293945,14.5
Mizoram,92.6500040628016,22.149998988956213,19.02222442626953,47.29999923706055,0.0
Mizoram,92.35000405833125,23.649999011307955,17.77777862548828,36.099998474121094,0.0
Mizoram,92.45000405982137,23.24999900534749,19.72222137451172,44.0,0.0
Mizoram,92.55000406131148,23.449999008327723,42.70000076293945,52.599998474121094,34.70000076293945
Mizoram,92.55000406131148,23.54999900981784,39.55555725097656,52.599998474121094,26.100000381469727
Mizoram,92.6500040628016,23.949999015778303,31.655555725097656,39.099998474121094,16.5
Mizoram,93.15000407025218,22.349998991936445,14.044445037841797,35.29999923706055,0.0
Mizoram,92.6500040628016,24.149999018758535,21.74444580078125,27.799999237060547,15.600000381469727
Mizoram,92.85000406578183,23.949999015778303,28.355554580688477,45.20000076293945,12.699999809265137
Mizoram,92.45000405982137,23.649999011307955,27.122220993041992,36.099998474121094,14.800000190734863
Mizoram,92.75000406429172,22.349998991936445,39.82222366333008,56.70000076293945,24.0
Mizoram,93.35000407323241,23.449999008327723,27.955554962158203,60.79999923706055,0.0
Mizoram,92.95000406727195,24.149999018758535,27.299999237060547,58.599998474121094,12.699999809265137
Mizoram,92.75000406429172,22.849998999387026,5.377778053283691,8.0,2.5999999046325684
Mizoram,92.35000405833125,24.24999902024865,22.61111068725586,36.400001525878906,10.399999618530273
Mizoram,92.85000406578183,22.149998988956213,32.766666412353516,52.099998474121094,0.0
Mizoram,92.35000405833125,23.949999015778303,18.96666717529297,25.700000762939453,13.399999618530273
Mizoram,92.85000406578183,22.549998994916677,31.599998474121094,46.099998474121094,18.5
Mizoram,92.75000406429172,24.349999021738768,21.66666603088379,30.600000381469727,17.799999237060547
Mizoram,92.75000406429172,24.149999018758535,19.055553436279297,27.799999237060547,12.699999809265137
Mizoram,92.85000406578183,23.049999002367258,15.266667366027832,33.20000076293945,4.099999904632568
Mizoram,92.85000406578183,24.349999021738768,27.044443130493164,46.20000076293945,17.799999237060547
Mizoram,93.15000407025218,22.24999899044633,8.988889694213867,27.700000762939453,0.0
Mizoram,93.15000407025218,23.849999014288187,43.83333206176758,75.5999984741211,21.799999237060547
Mizoram,92.75000406429172,24.24999902024865,19.9777774810791,27.799999237060547,15.600000381469727
Mizoram,92.85000406578183,22.24999899044633,41.88888931274414,56.70000076293945,32.5
Mizoram,92.95000406727195,24.04999901726842,22.166667938232422,33.5,12.699999809265137
Mizoram,92.55000406131148,23.949999015778303,30.16666603088379,39.099998474121094,21.299999237060547
Mizoram,92.6500040628016,23.24999900534749,35.27777862548828,60.20000076293945,16.700000762939453
Mizoram,92.95000406727195,23.049999002367258,21.088890075683594,43.5,4.099999904632568
Mizoram,93.2500040717423,23.649999011307955,64.46665954589844,88.19999694824219,35.900001525878906
Mizoram,93.05000406876206,22.349998991936445,26.76666831970215,41.79999923706055,10.199999809265137
Mizoram,92.85000406578183,24.24999902024865,24.97777557373047,46.20000076293945,15.600000381469727
Mizoram,92.6500040628016,23.54999900981784,44.28889083862305,55.29999923706055,33.0
Mizoram,92.6500040628016,22.349998991936445,24.566667556762695,56.70000076293945,0.0
Mizoram,92.95000406727195,22.44999899342656,35.46666717529297,46.099998474121094,24.700000762939453
Mizoram,92.6500040628016,23.74999901279807,38.26667022705078,45.70000076293945,31.5
Mizoram,92.75000406429172,23.149999003857374,25.911109924316406,49.70000076293945,8.0
Mizoram,93.35000407323241,23.949999015778303,15.144444465637207,38.599998474121094,0.0
Mizoram,92.85000406578183,22.44999899342656,38.766666412353516,56.70000076293945,21.100000381469727
Mizoram,93.05000406876206,23.24999900534749,52.400001525878906,63.79999923706055,33.20000076293945
Mizoram,92.55000406131148,22.849998999387026,4.044444561004639,8.0,0.0
Mizoram,93.05000406876206,23.54999900981784,39.155555725097656,47.29999923706055,28.299999237060547
Mizoram,92.95000406727195,22.74999899789691,10.844443321228027,26.799999237060547,2.5999999046325684
Mizoram,92.6500040628016,23.849999014288187,36.69999694824219,42.79999923706055,29.399999618530273
Mizoram,92.95000406727195,23.349999006837606,50.56666564941406,63.79999923706055,31.100000381469727
Mizoram,92.85000406578183,23.74999901279807,44.06666564941406,51.0,36.29999923706055
Mizoram,92.45000405982137,23.849999014288187,25.088890075683594,39.099998474121094,14.800000190734863
Mizoram,92.95000406727195,23.849999014288187,38.27777862548828,54.0,21.799999237060547
Mizoram,93.05000406876206,23.449999008327723,42.833335876464844,57.29999923706055,28.299999237060547
Mizoram,92.95000406727195,22.849998999387026,6.977777481079102,13.0,2.5999999046325684
Mizoram,93.2500040717423,23.54999900981784,50.911109924316406,88.19999694824219,28.299999237060547
Mizoram,92.6500040628016,22.949999000877142,6.444444179534912,9.300000190734863,2.799999952316284
Mizoram,92.6500040628016,23.349999006837606,44.87778091430664,60.20000076293945,25.700000762939453
Mizoram,92.75000406429172,23.54999900981784,46.62221908569336,55.29999923706055,38.79999923706055
Mizoram,92.45000405982137,23.54999900981784,32.57777786254883,44.29999923706055,19.399999618530273
Mizoram,93.35000407323241,23.74999901279807,40.94444274902344,88.19999694824219,0.0
Mizoram,92.6500040628016,24.24999902024865,21.266666412353516,27.799999237060547,15.600000381469727
Mizoram,92.85000406578183,23.449999008327723,49.14444351196289,60.20000076293945,41.29999923706055
Mizoram,92.45000405982137,23.74999901279807,24.633331298828125,39.099998474121094,14.800000190734863
Mizoram,93.2500040717423,23.449999008327723,40.877777099609375,60.79999923706055,20.100000381469727
Mizoram,92.75000406429172,24.04999901726842,22.63333511352539,36.0,12.699999809265137
Mizoram,92.75000406429172,24.449999023228884,27.044445037841797,50.599998474121094,19.799999237060547
Mizoram,92.75000406429172,23.949999015778303,28.88888931274414,44.20000076293945,12.699999809265137
Mizoram,92.75000406429172,22.549998994916677,26.11111068725586,46.099998474121094,16.600000381469727
Mizoram,92.95000406727195,23.54999900981784,40.866668701171875,45.0,31.100000381469727
Mizoram,92.85000406578183,24.04999901726842,21.24444580078125,29.399999618530273,12.699999809265137
Mizoram,92.95000406727195,23.74999901279807,44.05555725097656,54.0,30.0
Nagaland,94.75000409409404,26.549999054521322,9.777777671813965,15.199999809265137,4.900000095367432
Nagaland,94.45000408962369,26.249999050050974,2.5999999046325684,3.9000000953674316,2.0
Nagaland,94.25000408664346,26.249999050050974,1.1111111640930176,2.5,0.20000000298023224
Nagaland,93.850004080683,25.84999904409051,1.788888931274414,6.800000190734863,0.10000000149011612
Nagaland,95.05000409856439,26.549999054521322,7.088888645172119,13.300000190734863,0.0
Nagaland,94.85000409558415,26.749999057501554,14.833333015441895,24.5,6.699999809265137
Nagaland,93.65000407770276,25.54999903962016,6.066667079925537,15.100000381469727,1.100000023841858
Nagaland,94.75000409409404,26.449999053031206,5.766666889190674,9.899999618530273,2.200000047683716
Nagaland,93.55000407621264,25.54999903962016,5.633333206176758,15.100000381469727,0.5
Nagaland,94.75000409409404,26.149999048560858,5.644444465637207,11.800000190734863,2.5999999046325684
Nagaland,94.85000409558415,25.749999042600393,21.155555725097656,32.29999923706055,0.0
Nagaland,94.95000409707427,26.549999054521322,9.866666793823242,13.300000190734863,6.0
Nagaland,94.25000408664346,25.749999042600393,1.5444445610046387,2.799999952316284,0.30000001192092896
Nagaland,94.95000409707427,25.84999904409051,15.822221755981445,27.5,0.0
Nagaland,93.75000407919288,25.749999042600393,8.588889122009277,20.200000762939453,0.6000000238418579
Nagaland,94.75000409409404,26.749999057501554,17.566667556762695,24.5,12.100000381469727
Nagaland,93.65000407770276,25.449999038130045,2.277777671813965,5.300000190734863,0.6000000238418579
Nagaland,94.75000409409404,25.949999045580626,13.677778244018555,22.799999237060547,4.900000095367432
Nagaland,94.05000408366323,25.649999041110277,1.7777777910232544,4.199999809265137,0.699999988079071
Nagaland,94.75000409409404,26.34999905154109,3.6555557250976562,6.0,2.200000047683716
Nagaland,94.85000409558415,26.249999050050974,4.5444440841674805,10.300000190734863,2.0999999046325684
Nagaland,93.65000407770276,25.34999903663993,0.9000000357627869,2.200000047683716,0.20000000298023224
Nagaland,94.85000409558415,26.549999054521322,9.977777481079102,15.199999809265137,4.900000095367432
Nagaland,95.1500041000545,26.84999905899167,3.055555820465088,7.400000095367432,0.0
Nagaland,94.65000409260392,25.84999904409051,14.977778434753418,24.399999618530273,5.0
Nagaland,94.35000408813357,25.649999041110277,3.144444465637207,5.0,1.2999999523162842
Nagaland,94.15000408515334,25.84999904409051,0.7888889312744141,1.600000023841858,0.20000000298023224
Nagaland,94.35000408813357,25.84999904409051,2.1666667461395264,3.5,1.2999999523162842
Nagaland,94.15000408515334,25.949999045580626,0.6888889074325562,1.600000023841858,0.10000000149011612
Nagaland,94.25000408664346,26.449999053031206,2.4777779579162598,9.800000190734863,0.20000000298023224
Nagaland,94.35000408813357,25.749999042600393,2.444444417953491,3.700000047683716,1.2999999523162842
Nagaland,94.65000409260392,26.34999905154109,3.788888692855835,6.800000190734863,2.0
Nagaland,94.35000408813357,25.54999903962016,4.911111354827881,7.800000190734863,2.200000047683716
Nagaland,94.75000409409404,25.749999042600393,21.700000762939453,32.29999923706055,14.600000381469727
Nagaland,94.65000409260392,26.149999048560858,3.866666555404663,7.400000095367432,2.0
Nagaland,94.75000409409404,25.84999904409051,18.94444465637207,27.0,8.600000381469727
Nagaland,94.65000409260392,26.549999054521322,9.94444465637207,15.199999809265137,4.900000095367432
Nagaland,93.95000408217311,25.749999042600393,1.4666666984558105,4.400000095367432,0.20000000298023224
Nagaland,94.85000409558415,26.449999053031206,6.07777738571167,12.0,2.0999999046325684
Nagaland,95.1500041000545,26.949999060481787,1.9777779579162598,4.099999904632568,0.0
Nagaland,94.5500040911138,26.34999905154109,4.066666603088379,7.400000095367432,2.0
Nagaland,95.05000409856439,26.149999048560858,9.066666603088379,22.399999618530273,0.0
Nagaland,93.75000407919288,25.84999904409051,6.333333492279053,20.200000762939453,0.10000000149011612
Nagaland,94.85000409558415,26.84999905899167,14.45555591583252,24.899999618530273,3.0999999046325684
Nagaland,94.45000408962369,26.149999048560858,2.5222222805023193,3.5,2.0
Nagaland,94.75000409409404,25.649999041110277,20.94444465637207,32.29999923706055,0.0
Nagaland,94.85000409558415,26.149999048560858,7.399999618530273,13.199999809265137,3.0
Nagaland,93.35000407323241,25.54999903962016,1.8222222328186035,9.800000190734863,0.10000000149011612
Nagaland,94.25000408664346,26.04999904707074,1.3333333730697632,2.5999999046325684,0.30000001192092896
Nagaland,95.05000409856439,25.949999045580626,11.044445037841797,22.399999618530273,0.0
Nagaland,94.95000409707427,26.249999050050974,6.233333110809326,13.100000381469727,2.0999999046325684
Nagaland,94.75000409409404,26.04999904707074,9.200000762939453,19.0,3.5999999046325684
Nagaland,95.1500041000545,26.04999904707074,7.211110591888428,22.399999618530273,0.0
Nagaland,94.95000409707427,26.34999905154109,5.333333492279053,11.300000190734863,2.0999999046325684
Nagaland,94.05000408366323,25.749999042600393,1.0888888835906982,4.199999809265137,0.20000000298023224
Nagaland,95.05000409856439,26.449999053031206,5.544444561004639,12.0,0.0
Nagaland,94.35000408813357,25.949999045580626,2.288888931274414,3.5,1.5
Nagaland,94.85000409558415,26.04999904707074,11.744443893432617,19.0,5.099999904632568
Nagaland,93.75000407919288,25.54999903962016,5.55555534362793,15.100000381469727,1.100000023841858
Nagaland,95.05000409856439,26.249999050050974,4.688889026641846,13.100000381469727,0.0
Nagaland,94.95000409707427,26.64999905601144,10.833333015441895,13.300000190734863,7.300000190734863
Nagaland,94.65000409260392,26.64999905601144,15.28888988494873,24.5,9.0
Nagaland,94.65000409260392,26.449999053031206,6.033333778381348,9.899999618530273,2.4000000953674316
Nagaland,94.5500040911138,25.949999045580626,6.466667175292969,15.600000381469727,3.0999999046325684
Nagaland,94.05000408366323,25.84999904409051,0.4444444477558136,0.800000011920929,0.10000000149011612
Nagaland,94.25000408664346,25.949999045580626,1.2888888120651245,2.5999999046325684,0.30000001192092896
Nagaland,94.5500040911138,26.04999904707074,4.066666603088379,8.600000381469727,2.299999952316284
Nagaland,94.15000408515334,25.749999042600393,1.0555555820465088,2.200000047683716,0.20000000298023224
Nagaland,94.5500040911138,26.149999048560858,2.9666664600372314,4.900000095367432,2.0
Nagaland,93.55000407621264,25.249999035149813,0.3444444239139557,0.699999988079071,0.10000000149011612
Nagaland,94.25000408664346,25.54999903962016,4.066667079925537,7.699999809265137,1.5
Nagaland,94.5500040911138,26.449999053031206,6.777777671813965,11.699999809265137,2.4000000953674316
Nagaland,94.95000409707427,26.749999057501554,9.88888931274414,13.300000190734863,3.5999999046325684
Nagaland,94.05000408366323,26.149999048560858,0.3222222328186035,0.6000000238418579,0.10000000149011612
Nagaland,94.35000408813357,26.04999904707074,2.211111068725586,3.5,1.2999999523162842
Nagaland,93.850004080683,25.749999042600393,3.4000003337860107,8.699999809265137,0.4000000059604645
Nagaland,94.95000409707427,25.949999045580626,14.122220993041992,19.299999237060547,0.0
Nagaland,94.65000409260392,25.54999903962016,15.144444465637207,26.899999618530273,0.0
Nagaland,95.05000409856439,26.04999904707074,11.655556678771973,22.399999618530273,0.0
Nagaland,93.850004080683,25.649999041110277,4.244444370269775,8.699999809265137,0.800000011920929
Nagaland,93.75000407919288,25.649999041110277,7.92222261428833,20.200000762939453,1.0
Nagaland,95.05000409856439,26.84999905899167,5.511110782623291,12.300000190734863,3.0999999046325684
Nagaland,94.85000409558415,25.949999045580626,15.733332633972168,22.799999237060547,7.400000095367432
Nagaland,94.95000409707427,26.84999905899167,8.077777862548828,13.0,3.0999999046325684
Nagaland,94.05000408366323,26.04999904707074,0.2666666805744171,0.5,0.10000000149011612
Nagaland,95.1500041000545,26.749999057501554,3.444444417953491,7.400000095367432,0.0
Nagaland,94.5500040911138,25.84999904409051,9.333333015441895,20.100000381469727,3.0999999046325684
Nagaland,94.95000409707427,26.04999904707074,13.55555534362793,19.0,8.699999809265137
Nagaland,94.25000408664346,26.34999905154109,1.3444445133209229,4.5,0.20000000298023224
Nagaland,94.65000409260392,25.649999041110277,17.577777862548828,26.899999618530273,5.0
Nagaland,94.45000408962369,26.449999053031206,6.644443988800049,11.699999809265137,2.5
Nagaland,94.45000408962369,25.749999042600393,5.744444370269775,13.800000190734863,1.7000000476837158
Nagaland,93.55000407621264,25.449999038130045,1.6333333253860474,5.300000190734863,0.10000000149011612
Nagaland,94.75000409409404,26.249999050050974,3.7444446086883545,8.699999809265137,2.200000047683716
Nagaland,94.25000408664346,26.149999048560858,1.2333333492279053,2.5999999046325684,0.20000000298023224
Nagaland,94.85000409558415,25.649999041110277,17.4777774810791,32.29999923706055,0.0
Nagaland,94.65000409260392,25.949999045580626,10.222222328186035,22.799999237060547,3.200000047683716
Nagaland,94.65000409260392,25.749999042600393,16.83333396911621,24.399999618530273,10.199999809265137
Nagaland,94.75000409409404,25.54999903962016,15.911112785339355,32.29999923706055,0.0
Nagaland,94.35000408813357,26.249999050050974,1.9666666984558105,3.9000000953674316,0.4000000059604645
Nagaland,93.45000407472253,25.54999903962016,3.722222328186035,12.5,0.10000000149011612
Nagaland,93.95000408217311,25.649999041110277,2.4555554389953613,5.300000190734863,0.699999988079071
Nagaland,94.45000408962369,26.549999054521322,10.866666793823242,19.5,4.5
Nagaland,94.15000408515334,26.149999048560858,0.5555555820465088,1.5,0.10000000149011612
Nagaland,94.35000408813357,26.149999048560858,2.0444443225860596,3.5,0.4000000059604645
Nagaland,94.05000408366323,26.249999050050974,0.4444444477558136,0.699999988079071,0.20000000298023224
Nagaland,94.15000408515334,26.04999904707074,0.6777777671813965,1.5,0.10000000149011612
Nagaland,94.45000408962369,25.949999045580626,3.8888888359069824,10.800000190734863,1.600000023841858
Nagaland,93.75000407919288,25.449999038130045,2.98888897895813,5.300000190734863,0.699999988079071
Nagaland,93.95000408217311,25.84999904409051,0.4555555582046509,1.0,0.10000000149011612
Nagaland,94.5500040911138,26.64999905601144,15.088887214660645,23.200000762939453,9.600000381469727
Nagaland,94.5500040911138,26.249999050050974,2.777777671813965,3.9000000953674316,2.0
Nagaland,94.95000409707427,26.149999048560858,9.188888549804688,14.199999809265137,3.0
Nagaland,94.35000408813357,26.449999053031206,4.899999618530273,11.699999809265137,0.5
Nagaland,94.45000408962369,26.34999905154109,3.8888888359069824,7.400000095367432,2.0
Nagaland,94.5500040911138,25.749999042600393,10.644444465637207,20.100000381469727,3.5
Nagaland,95.1500041000545,26.64999905601144,3.6888890266418457,9.5,0.0
Nagaland,94.65000409260392,26.249999050050974,3.077777624130249,5.099999904632568,2.0
Nagaland,95.05000409856439,26.749999057501554,7.033333778381348,13.300000190734863,3.5999999046325684
Nagaland,94.65000409260392,26.04999904707074,5.97777795791626,13.699999809265137,2.299999952316284
Nagaland,93.65000407770276,25.649999041110277,9.844444274902344,20.200000762939453,4.0
Nagaland,94.15000408515334,26.249999050050974,0.5111111402511597,1.2999999523162842,0.20000000298023224
Nagaland,94.15000408515334,25.649999041110277,1.7222222089767456,3.5,0.699999988079071
Nagaland,94.05000408366323,25.949999045580626,0.24444444477558136,0.5,0.10000000149011612
Nagaland,94.45000408962369,25.649999041110277,5.588888645172119,13.800000190734863,1.7000000476837158
Nagaland,94.85000409558415,26.64999905601144,13.55555534362793,24.5,9.0
Nagaland,93.55000407621264,25.649999041110277,9.966666221618652,20.200000762939453,1.2000000476837158
Nagaland,94.85000409558415,25.84999904409051,20.900001525878906,27.5,13.699999809265137
Nagaland,94.95000409707427,25.749999042600393,13.777777671813965,32.29999923706055,0.0
Nagaland,94.15000408515334,25.54999903962016,3.3111109733581543,6.900000095367432,0.8999999761581421
Nagaland,93.65000407770276,25.749999042600393,12.244443893432617,20.200000762939453,3.700000047683716
Nagaland,95.05000409856439,26.34999905154109,4.088889122009277,11.300000190734863,0.0
Nagaland,94.85000409558415,26.34999905154109,3.8222224712371826,6.699999809265137,2.0999999046325684
Nagaland,94.5500040911138,26.549999054521322,11.0,19.5,5.699999809265137
Nagaland,93.55000407621264,25.34999903663993,0.5555555820465088,1.2000000476837158,0.10000000149011612
Nagaland,94.95000409707427,26.449999053031206,7.5,12.0,2.0999999046325684
Nagaland,95.05000409856439,26.64999905601144,7.866666793823242,13.300000190734863,0.0
Nagaland,94.25000408664346,25.649999041110277,2.3000001907348633,4.599999904632568,0.800000011920929
Nagaland,94.45000408962369,26.04999904707074,2.8999998569488525,5.0,1.600000023841858
Nagaland,94.45000408962369,25.84999904409051,4.9666666984558105,13.800000190734863,1.600000023841858
Nagaland,94.25000408664346,25.84999904409051,1.2222222089767456,1.7000000476837158,0.30000001192092896
Nagaland,94.35000408813357,26.34999905154109,2.766666889190674,7.400000095367432,0.4000000059604645
Nagaland,93.45000407472253,25.449999038130045,0.9444444179534912,4.0,0.10000000149011612
Nagaland,94.75000409409404,26.64999905601144,14.677778244018555,24.5,9.0
Sikkim,88.15000399574637,27.549999069422483,2.444444417953491,9.800000190734863,0.0
Sikkim,88.55000400170684,28.049999076873064,0.04444444552063942,0.30000001192092896,0.0
Sikkim,88.75000400468707,27.849999073892832,0.3333333432674408,1.2999999523162842,0.0
Sikkim,88.15000399574637,27.249999064952135,2.577777624130249,7.5,0.0
Sikkim,88.55000400170684,27.949999075382948,0.2222222238779068,0.800000011920929,0.0
Sikkim,88.65000400319695,27.849999073892832,0.4444444477558136,1.2999999523162842,0.0
Sikkim,88.55000400170684,27.749999072402716,0.9888889789581299,1.899999976158142,0.10000000149011612
Sikkim,88.85000400617719,27.749999072402716,0.2777777910232544,0.8999999761581421,0.0
Sikkim,88.75000400468707,27.6499990709126,0.5888888835906982,1.2999999523162842,0.0
Sikkim,88.65000400319695,27.449999067932367,0.2111111283302307,0.800000011920929,0.0
Sikkim,88.45000400021672,27.34999906644225,0.6444444060325623,2.0,0.10000000149011612
Sikkim,88.15000399574637,27.949999075382948,0.23333331942558289,1.399999976158142,0.0
Sikkim,88.3500039987266,27.449999067932367,2.066666603088379,3.299999952316284,0.20000000298023224
Sikkim,88.25000399723649,27.249999064952135,2.4000000953674316,7.5,0.5
Sikkim,88.65000400319695,27.949999075382948,0.1111111119389534,0.699999988079071,0.0
Sikkim,88.3500039987266,27.34999906644225,1.3333334922790527,2.700000047683716,0.20000000298023224
Sikkim,88.55000400170684,27.849999073892832,0.5999999642372131,1.2999999523162842,0.0
Sikkim,88.75000400468707,28.049999076873064,0.011111111380159855,0.10000000149011612,0.0
Sikkim,88.75000400468707,27.549999069422483,0.2888889014720917,0.8999999761581421,0.0
Sikkim,88.15000399574637,27.6499990709126,1.4111111164093018,3.200000047683716,0.0
Sikkim,88.75000400468707,27.749999072402716,0.5222222805023193,1.2999999523162842,0.0
Sikkim,88.15000399574637,27.449999067932367,3.1666667461395264,9.800000190734863,0.0
Sikkim,88.25000399723649,27.749999072402716,1.3888888359069824,2.799999952316284,0.0
Sikkim,88.3500039987266,27.549999069422483,2.2333333492279053,3.299999952316284,0.800000011920929
Sikkim,88.65000400319695,27.549999069422483,0.5111111402511597,1.100000023841858,0.0
Sikkim,88.45000400021672,27.449999067932367,1.2666668891906738,3.299999952316284,0.10000000149011612
Sikkim,88.75000400468707,27.449999067932367,0.1666666716337204,0.6000000238418579,0.0
Sikkim,88.3500039987266,27.849999073892832,1.0,2.799999952316284,0.0
Sikkim,88.55000400170684,27.34999906644225,0.2111111283302307,0.800000011920929,0.0
Sikkim,88.45000400021672,27.949999075382948,0.36666667461395264,1.2000000476837158,0.0
Sikkim,88.75000400468707,27.14999906346202,0.08888889104127884,0.5,0.0
Sikkim,88.25000399723649,27.6499990709126,2.233333110809326,3.299999952316284,0.0
Sikkim,88.05000399425626,27.249999064952135,2.933333396911621,7.5,0.0
Sikkim,88.85000400617719,27.849999073892832,0.17777779698371887,0.800000011920929,0.0
Sikkim,88.25000399723649,27.14999906346202,1.0444444417953491,2.5999999046325684,0.0
Sikkim,88.25000399723649,27.849999073892832,0.8999999165534973,2.799999952316284,0.0
Sikkim,88.65000400319695,27.34999906644225,0.07777778059244156,0.20000000298023224,0.0
Sikkim,88.15000399574637,27.14999906346202,1.4444444179534912,5.099999904632568,0.0
Sikkim,88.45000400021672,27.249999064952135,0.5666667222976685,2.0,0.0
Sikkim,88.45000400021672,27.849999073892832,0.800000011920929,1.7000000476837158,0.0
Sikkim,88.75000400468707,27.249999064952135,0.15555556118488312,0.6000000238418579,0.0
Sikkim,88.55000400170684,27.449999067932367,0.5444444417953491,2.5,0.0
Sikkim,88.65000400319695,28.049999076873064,0.011111111380159855,0.10000000149011612,0.0
Sikkim,88.3500039987266,27.6499990709126,2.344444513320923,3.299999952316284,1.2000000476837158
Sikkim,88.55000400170684,27.249999064952135,0.20000000298023224,0.800000011920929,0.0
Sikkim,88.3500039987266,27.14999906346202,0.6111111044883728,1.600000023841858,0.0
Sikkim,88.25000399723649,27.549999069422483,3.2555556297302246,9.800000190734863,1.600000023841858
Sikkim,88.3500039987266,27.249999064952135,1.1555556058883667,2.700000047683716,0.20000000298023224
Sikkim,88.75000400468707,27.949999075382948,0.04444444552063942,0.10000000149011612,0.0
Sikkim,88.85000400617719,27.34999906644225,0.07777778059244156,0.6000000238418579,0.0
Sikkim,88.3500039987266,27.749999072402716,1.6444443464279175,2.799999952316284,0.699999988079071
Sikkim,88.55000400170684,27.6499990709126,1.222222089767456,2.5,0.4000000059604645
Sikkim,88.75000400468707,27.34999906644225,0.10000000149011612,0.6000000238418579,0.0
Sikkim,88.45000400021672,27.549999069422483,1.6111111640930176,3.299999952316284,0.10000000149011612
Sikkim,88.45000400021672,27.14999906346202,0.31111109256744385,1.0,0.0
Sikkim,88.3500039987266,27.949999075382948,0.36666667461395264,1.2000000476837158,0.0
Sikkim,88.55000400170684,27.549999069422483,0.9333333969116211,2.5,0.0
Sikkim,88.65000400319695,27.249999064952135,0.12222222238779068,0.5,0.0
Sikkim,88.25000399723649,27.449999067932367,3.933333396911621,9.800000190734863,1.600000023841858
Sikkim,88.45000400021672,27.749999072402716,1.3333333730697632,2.4000000953674316,0.699999988079071
Sikkim,88.65000400319695,27.6499990709126,0.8444444537162781,1.2999999523162842,0.4000000059604645
Sikkim,88.15000399574637,27.34999906644225,3.48888897895813,9.800000190734863,0.0
Sikkim,88.25000399723649,27.34999906644225,3.3777780532836914,9.800000190734863,0.5
Sikkim,88.45000400021672,27.6499990709126,1.7666667699813843,3.299999952316284,0.800000011920929
Sikkim,88.65000400319695,27.749999072402716,0.7555555701255798,1.2999999523162842,0.10000000149011612
Tripura,91.75000404939055,23.149999003857374,5.088888645172119,11.199999809265137,0.0
Tripura,91.4500040449202,23.24999900534749,3.722222328186035,6.099999904632568,0.0
Tripura,91.85000405088067,23.449999008327723,6.644444942474365,15.5,0.0
Tripura,91.4500040449202,24.04999901726842,2.2444446086883545,7.900000095367432,0.0
Tripura,91.35000404343009,23.24999900534749,2.5222222805023193,6.099999904632568,0.0
Tripura,91.4500040449202,23.74999901279807,4.788888931274414,12.399999618530273,1.100000023841858
Tripura,92.15000405535102,24.149999018758535,8.94444465637207,13.600000381469727,5.900000095367432
Tripura,91.35000404343009,23.54999900981784,8.255556106567383,13.300000190734863,0.0
Tripura,91.95000405237079,23.849999014288187,4.955555438995361,9.699999809265137,2.200000047683716
Tripura,91.65000404790044,23.949999015778303,2.155555248260498,5.699999809265137,0.800000011920929
Tripura,91.65000404790044,23.449999008327723,7.788889408111572,12.199999809265137,2.9000000953674316
Tripura,91.75000404939055,23.449999008327723,8.05555534362793,15.5,0.0
Tripura,91.25000404193997,23.74999901279807,5.47777795791626,13.300000190734863,0.0
Tripura,91.25000404193997,23.849999014288187,3.5,7.900000095367432,0.0
Tripura,92.0500040538609,23.649999011307955,3.9666666984558105,9.699999809265137,0.0
Tripura,91.75000404939055,23.54999900981784,8.322222709655762,15.5,2.799999952316284
Tripura,91.85000405088067,23.649999011307955,7.266666889190674,15.5,0.0
Tripura,91.35000404343009,23.149999003857374,1.6777777671813965,6.099999904632568,0.0
Tripura,92.25000405684114,24.349999021738768,16.088890075683594,36.400001525878906,0.0
Tripura,91.65000404790044,23.849999014288187,1.7111111879348755,2.799999952316284,0.800000011920929
Tripura,91.75000404939055,24.04999901726842,4.200000286102295,11.600000381469727,0.0
Tripura,91.4500040449202,23.449999008327723,6.722222328186035,11.0,2.9000000953674316
Tripura,91.35000404343009,23.849999014288187,4.866666793823242,7.900000095367432,0.0
Tripura,91.95000405237079,24.149999018758535,7.622221946716309,11.600000381469727,0.0
Tripura,92.0500040538609,23.849999014288187,4.344444751739502,9.699999809265137,1.7000000476837158
Tripura,91.75000404939055,23.349999006837606,4.911111354827881,9.399999618530273,0.0
Tripura,91.65000404790044,23.349999006837606,5.766666889190674,10.100000381469727,2.9000000953674316
Tripura,91.65000404790044,23.049999002367258,4.844444274902344,11.199999809265137,0.0
Tripura,91.95000405237079,23.949999015778303,5.088888645172119,9.199999809265137,2.200000047683716
Tripura,91.35000404343009,23.649999011307955,8.944443702697754,13.300000190734863,5.0
Tripura,91.4500040449202,23.54999900981784,8.05555534362793,12.399999618530273,2.799999952316284
Tripura,92.25000405684114,23.74999901279807,9.666666984558105,19.399999618530273,0.0
Tripura,91.95000405237079,24.24999902024865,6.655555725097656,11.600000381469727,0.0
Tripura,92.15000405535102,23.949999015778303,7.611111164093018,18.399999618530273,1.7000000476837158
Tripura,91.25000404193997,23.54999900981784,5.722222328186035,13.300000190734863,0.0
Tripura,91.55000404641032,23.649999011307955,5.155555725097656,9.5,1.100000023841858
Tripura,91.65000404790044,23.54999900981784,7.44444465637207,12.199999809265137,2.799999952316284
Tripura,91.55000404641032,23.54999900981784,7.299999713897705,10.100000381469727,2.799999952316284
Tripura,91.35000404343009,23.349999006837606,3.1555557250976562,7.900000095367432,0.0
Tripura,91.4500040449202,23.849999014288187,4.044444561004639,7.900000095367432,1.100000023841858
Tripura,91.55000404641032,23.949999015778303,2.211110830307007,5.300000190734863,0.800000011920929
Tripura,91.65000404790044,24.04999901726842,1.9222221374511719,5.699999809265137,0.0
Tripura,91.85000405088067,24.04999901726842,5.877778053283691,11.600000381469727,0.0
Tripura,92.0500040538609,24.349999021738768,5.433332920074463,10.600000381469727,0.0
Tripura,92.0500040538609,23.74999901279807,4.100000381469727,9.699999809265137,0.0
Tripura,92.25000405684114,23.849999014288187,12.55555534362793,23.299999237060547,1.7000000476837158
Tripura,91.65000404790044,23.149999003857374,6.244444370269775,11.199999809265137,2.5
Tripura,91.95000405237079,23.54999900981784,5.05555534362793,15.5,0.0
Tripura,91.65000404790044,23.24999900534749,5.1888885498046875,10.399999618530273,2.9000000953674316
Tripura,92.25000405684114,24.04999901726842,13.833333015441895,23.600000381469727,3.700000047683716
Tripura,91.95000405237079,24.04999901726842,6.911111354827881,11.600000381469727,2.200000047683716
Tripura,92.0500040538609,24.24999902024865,8.38888931274414,10.600000381469727,6.300000190734863
Tripura,92.15000405535102,24.24999902024865,9.5,12.300000190734863,7.699999809265137
Tripura,92.25000405684114,23.949999015778303,12.655555725097656,23.299999237060547,1.7000000476837158
Tripura,91.55000404641032,23.149999003857374,3.922222137451172,7.900000095367432,0.0
Tripura,91.75000404939055,23.24999900534749,3.98888897895813,10.399999618530273,0.0
Tripura,92.25000405684114,24.24999902024865,16.30000114440918,36.400001525878906,8.100000381469727
Tripura,92.25000405684114,24.149999018758535,13.822221755981445,25.5,6.599999904632568
Tripura,91.75000404939055,23.74999901279807,3.4666666984558105,7.699999809265137,0.800000011920929
Tripura,91.65000404790044,24.149999018758535,1.2777777910232544,5.699999809265137,0.0
Tripura,91.65000404790044,23.74999901279807,2.055555582046509,3.299999952316284,0.800000011920929
Tripura,91.85000405088067,23.949999015778303,4.911111354827881,9.199999809265137,1.7999999523162842
Tripura,91.55000404641032,23.449999008327723,6.988888740539551,10.100000381469727,2.9000000953674316
Tripura,92.15000405535102,24.349999021738768,8.11111068725586,14.399999618530273,0.0
Tripura,91.95000405237079,24.349999021738768,3.3111109733581543,8.199999809265137,0.0
Tripura,91.55000404641032,23.349999006837606,5.55555534362793,10.100000381469727,2.9000000953674316
Tripura,92.0500040538609,24.149999018758535,7.888888835906982,10.100000381469727,5.900000095367432
Tripura,91.75000404939055,23.849999014288187,2.98888897895813,7.699999809265137,0.800000011920929
Tripura,91.65000404790044,23.649999011307955,4.97777795791626,12.199999809265137,1.100000023841858
Tripura,91.4500040449202,23.349999006837606,5.05555534362793,10.100000381469727,2.9000000953674316
Tripura,91.4500040449202,23.649999011307955,7.022222518920898,12.399999618530273,1.100000023841858
Tripura,91.55000404641032,23.74999901279807,2.766666889190674,7.300000190734863,0.800000011920929
Tripura,91.55000404641032,24.04999901726842,1.95555579662323,5.300000190734863,0.0
Tripura,91.55000404641032,23.049999002367258,2.444444417953491,7.900000095367432,0.0
Tripura,92.0500040538609,23.949999015778303,4.355555534362793,8.100000381469727,1.7000000476837158
Tripura,91.75000404939055,23.949999015778303,3.5333333015441895,9.199999809265137,0.800000011920929
Tripura,91.35000404343009,23.74999901279807,7.066667079925537,13.300000190734863,2.0
Tripura,91.55000404641032,23.849999014288187,2.344444751739502,5.300000190734863,0.800000011920929
Tripura,91.55000404641032,23.24999900534749,3.9000003337860107,7.900000095367432,0.0
Tripura,91.4500040449202,23.949999015778303,3.133333206176758,7.900000095367432,0.0
Tripura,91.35000404343009,23.949999015778303,3.1666669845581055,7.900000095367432,0.0
Tripura,91.95000405237079,23.74999901279807,5.277777671813965,9.699999809265137,0.0
Tripura,92.15000405535102,23.74999901279807,5.544444561004639,15.100000381469727,0.0
Tripura,91.85000405088067,23.74999901279807,4.655555248260498,9.699999809265137,0.0
Tripura,92.0500040538609,24.04999901726842,6.199999809265137,10.100000381469727,2.200000047683716
Tripura,91.75000404939055,23.649999011307955,6.666666507720947,15.5,1.2000000476837158
Tripura,91.85000405088067,23.849999014288187,4.600000381469727,9.699999809265137,1.7999999523162842
Tripura,91.25000404193997,23.649999011307955,6.733333110809326,13.300000190734863,0.0
Tripura,92.15000405535102,23.849999014288187,7.588888168334961,18.399999618530273,1.7000000476837158
Tripura,91.85000405088067,24.149999018758535,5.811110496520996,11.600000381469727,0.0
Tripura,91.85000405088067,23.54999900981784,7.02222204208374,15.5,0.0
Tripura,92.15000405535102,24.04999901726842,8.644444465637207,18.399999618530273,2.700000047683716
Tripura,91.35000404343009,23.449999008327723,5.433333396911621,11.0,0.0
Tripura,91.75000404939055,23.049999002367258,4.144444465637207,11.199999809265137,0.0
